Workbook

Sheet 요약
B2: 서울동행맵 고도화 — 테스트 케이스(TC) 전체
B4: 전체
B5: TC 총 건수 | C5: =COUNTA('TC 전체'!$B$2:$B$513) -> 512 | D5: 「TC 전체」 시트 행 수 — 정본 QA/tc/*.toml 16개 파일 합계
B6: 대상 화면 수 | C6: =SUMPRODUCT((매핑!$A$2:$A$1498="화면")/COUNTIFS(매핑!$A$2:$A$1498,매핑!$A$2:$A$1498,매핑!$B$2:$B$1498,매핑!$B$2:$B$1498)) -> 41 | D6: 화면 키 고유 개수(ID 부여 28 + 미부여 13)
B7: 커버 요건 수 | C7: =SUMPRODUCT((매핑!$A$2:$A$1498="요건")/COUNTIFS(매핑!$A$2:$A$1498,매핑!$A$2:$A$1498,매핑!$B$2:$B$1498,매핑!$B$2:$B$1498)) -> 135 | D7: TC가 1건 이상 걸린 PRD 요건 ID 개수
B9: 성격별
B10: 기능 | C10: =COUNTIF('TC 전체'!$F$2:$F$513,"기능") -> 269
B11: 접근성 | C11: =COUNTIF('TC 전체'!$F$2:$F$513,"접근성") -> 167
B12: 비기능 | C12: =COUNTIF('TC 전체'!$F$2:$F$513,"비기능") -> 47
B13: 시나리오 | C13: =COUNTIF('TC 전체'!$F$2:$F$513,"시나리오") -> 18
B14: 사용자평가 | C14: =COUNTIF('TC 전체'!$F$2:$F$513,"사용자평가") -> 1
B15: 대상외 | C15: =COUNTIF('TC 전체'!$F$2:$F$513,"대상외") -> 10
B17: 상태별
B18: 미실행 | C18: =COUNTIF('TC 전체'!$G$2:$G$513,"미실행") -> 427 | D18: 실행 전 초안 상태
B19: 보류 | C19: =COUNTIF('TC 전체'!$G$2:$G$513,"보류") -> 85 | D19: UX·PRD 사양이 갈려 합불을 가를 수 없는 항목
B21: 정본: QA/tc/*.toml (TOML) · 이 파일은 그 정본을 읽어 만든 생성물이며 여기서 편집한 값은 정본에 반영되지 않는다
B22: 생성 근거: scripts/check_tc.py 집계와 같은 정본 · RTM 열은 QA/generated/RTM.csv

Sheet TC 전체
A1: No | B1: TC ID | C1: 파일 | D1: 화면 | E1: 요건 | F1: 성격 | G1: 상태 | H1: 전제 | I1: 절차 | J1: 기대결과 | K1: KS | L1: 근거 | M1: 비고 | N1: 대상외 사유
A2: 1 | B2: TC-AUTH-01-01 | C2: 01-온보딩 | D2: AUTH-01 | E2: V-1 | F2: 기능 | G2: 미실행 | H2: iOS 단말 · 미인증 콜드 스타트로 앱 실행 | I2: 1. 앱을 실행해 로그인 화면에 진입 2. 소셜 로그인 버튼의 개수와 위에서 아래 순서를 기록 | J2: 소셜 로그인 버튼이 세로로 4개이고 순서가 카카오 → 네이버 → 구글 → 애플이다 | L2: UX 01-로그인-회원가입 2.3·2.4절 요소 4
A3: 2 | B3: TC-AUTH-01-02 | C3: 01-온보딩 | D3: AUTH-01 | E3: NFR-04 | F3: 접근성 | G3: 미실행 | H3: Android 단말 · TalkBack 켬 · 미인증 콜드 스타트 | I3: 1. 앱을 실행해 로그인 화면에 진입 2. 소셜 로그인 버튼 목록을 확인 3. 첫 버튼부터 다음 요소로 포커스를 순서대로 이동 | J3: 소셜 로그인 버튼이 카카오·네이버·구글 3개뿐이고 애플 자리에 빈 항목·비활성 버튼이 없으며 포커스가 그 자리를 지나가지 않는다 | L3: UX 01-로그인-회원가입 2.4절 요소 4 · 2.5절 NFR-04 플랫폼별 검증
A4: 3 | B4: TC-AUTH-01-03 | C4: 01-온보딩 | D4: AUTH-01 | E4: V-3 · NFR-05 | F4: 접근성 | G4: 미실행 | H4: 로그인 화면 진입 | I4: 1. 소셜 로그인 버튼 각각의 표시 내용을 확인 2. 각 버튼에 로고와 텍스트가 함께 있는지 기록 | J4: 각 버튼이 로고와 텍스트를 함께 갖고, 공급자를 브랜드 색만으로 구분하는 버튼이 하나도 없다 | L4: UX 01-로그인-회원가입 2.4절 요소 4 · 2.7절
A5: 4 | B5: TC-AUTH-01-04 | C5: 01-온보딩 | D5: AUTH-01 | E5: AC-05 · V-1 · NFR-04 | F5: 접근성 | G5: 미실행 | H5: 스크린리더 켬 · 로그인 화면 진입 | I5: 1. 화면 첫 요소에 포커스를 두고 끝까지 순서대로 이동 2. 낭독된 항목을 순서대로 기록 | J5: 서비스명 → 이용 방식 안내 1문장 → 로그인 수단 → 「비회원으로 시작하기」 순으로 낭독되고 중간에 건너뛰는 항목이 없다 | L5: UX 01-로그인-회원가입 2.5절 낭독 순서 · 00-공통 5절 | M5: 접근권한 고지는 U-25 미확정이라 이 TC의 판정 대상이 아니다
A6: 5 | B6: TC-AUTH-01-05 | C6: 01-온보딩 | D6: AUTH-01 | E6: NFR-05 | F6: 접근성 | G6: 미실행 | H6: 스크린리더 켬 · 로그인 화면 진입 | I6: 1. 카카오 로그인 버튼에 포커스 2. 낭독 문자열을 기록 3. 나머지 소셜 버튼에서 반복 | J6: 각 버튼이 "카카오로 로그인, 버튼"처럼 목적지를 담아 낭독되고, 공급자 이름만("카카오")으로 낭독되는 버튼이 없다 | L6: UX 01-로그인-회원가입 2.4절 요소 2·4 · 2.5절
A7: 6 | B7: TC-AUTH-01-06 | C7: 01-온보딩 | D7: AUTH-01 | E7: V-3 · V-6 | F7: 기능 | G7: 미실행 | H7: 공급자 인증이 실패하도록 준비한 환경 | I7: 1. 카카오 로그인 버튼을 누름 2. 인증 실패 후 앱으로 복귀 3. 실패 표기의 채널과 포커스 위치를 확인 | J7: 실패 사유가 색·텍스트·아이콘 3채널로 함께 표시되고 포커스가 소셜 로그인 버튼 묶음으로 복귀하며 재시도 수단이 남는다 | L7: UX 01-로그인-회원가입 2.4절 요소 8 · 2.8절 | M7: 공급자 인증 취소·서버 인증 실패도 같은 축이며 각각 구분되는 문구로 알린다(UX 2.8절)
A8: 7 | B8: TC-AUTH-01-07 | C8: 01-온보딩 | D8: AUTH-01 | E8: SG-3 · V-3 | F8: 접근성 | G8: 미실행 | H8: 로그인 화면 진입 | I8: 1. 소셜 로그인 버튼 묶음과 「비회원으로 시작하기」 사이의 구분 수단을 확인 2. 시스템 글자 크기를 200%로 올린 뒤 같은 지점을 다시 확인 | J8: 두 묶음의 위계가 구분선 또는 면 대비로 표시되고 200%에서도 구분이 유지된다. 간격만으로 위계를 나타내지 않는다 | L8: UX 01-로그인-회원가입 2.3절·2.7절 · PRD 2부 7.4 SG-3
A9: 8 | B9: TC-AUTH-01-08 | C9: 01-온보딩 | D9: AUTH-01 · AUTH-04 | E9: V-11 · V-13 | F9: 시나리오 | G9: 미실행 | H9: 비회원으로 교통약자 유형을 한 번 고른 단말 · 앱 데이터 삭제 없음 | I9: 1. 앱을 완전히 종료 2. 앱을 다시 실행해 「비회원으로 시작하기」를 누름 3. 다음에 뜨는 화면을 확인 | J9: 교통약자 유형 선택을 다시 묻지 않고 곧바로 홈으로 진입하며, 최초에 고른 유형이 그대로 적용돼 있다 | L9: UX 01-로그인-회원가입 2.4절 요소 5 · 6절 비회원 로컬 데이터의 수명과 재진입
A10: 9 | B10: TC-AUTH-01-09 | C10: 01-온보딩 | D10: AUTH-01 | E10: SS-2 | F10: 시나리오 | G10: 미실행 | H10: 회원으로 로그인된 단말 · 서버에서 해당 세션을 무효로 만들어 둔 상태 | I10: 1. 앱을 완전히 종료 2. 앱을 다시 실행 3. 진입 화면을 확인 | J10: 앱 실행 시점에 세션이 확인돼 무효로 판정되고 로그아웃 상태로 로그인 화면에 진입한다 | L10: PRD 2부 6.10 SS-2
A11: 10 | B11: TC-AUTH-01-10 | C11: 01-온보딩 | D11: AUTH-01 | E11: SS-1 · SS-3 | F11: 시나리오 | G11: 미실행 | H11: 같은 계정으로 단말 A에 로그인된 상태 · 단말 B 준비 | I11: 1. 단말 B에서 같은 계정으로 로그인 2. 단말 A의 앱을 완전히 종료했다가 다시 실행 3. 단말 A의 진입 화면을 확인 | J11: 단말 A가 로그아웃 상태로 로그인 화면에 진입한다. 두 단말의 세션이 동시에 유지되지 않는다 | L11: PRD 1부 1.6 다중 기기 동시 로그인 · PRD 2부 6.10 SS-1·SS-3 | M11: 비회원은 계정이 없어 세션이 성립하지 않으므로 이 판정의 대상이 아니다
A12: 11 | B12: TC-AUTH-01-11 | C12: 01-온보딩 | D12: AUTH-01 | E12: SS-4 | F12: 시나리오 | G12: 미실행 | H12: 단말 A에서 앱을 실행해 둔 상태 | I12: 1. 앱을 실행한 채로 단말 B에서 같은 계정으로 로그인 2. 단말 A를 종료하지 않고 계속 조작 3. 단말 A에서 강제 로그아웃·로그인 화면 전환이 일어나는지 확인 | J12: 단말 A는 실행 중 강제 로그아웃되지 않고 그대로 동작한다. 실시간 강제 로그아웃 채널이 동작하지 않는다 | L12: PRD 2부 6.10 SS-4 | M12: 실행 중 무효화를 감지하지 않는 것이 SS-4가 받아들이는 귀결이며 결함이 아니다
A13: 12 | B13: TC-AUTH-01-12 | C13: 01-온보딩 | D13: AUTH-01 | E13: SS-4 · V-6 | F13: 기능 | G13: 미실행 | H13: TC-AUTH-01-11의 상태(단말 A 실행 중 · 세션은 이미 무효) | I13: 1. 단말 A에서 인증이 필요한 동작을 수행해 API 인증 실패를 유발 2. 화면 표시와 낭독을 확인 | J13: 인증 실패가 화면에 드러난다. 사용자 모르게 로그아웃 상태가 되거나 조용히 실패하지 않는다 | L13: PRD 2부 6.10 SS-4 · 6.7 에러 핸들링 원칙
A14: 13 | B14: TC-AUTH-01-13 | C14: 01-온보딩 | D14: AUTH-01 | E14: SS-5 | F14: 대상외 | G14: 미실행 | L14: PRD 2부 6.10 SS-5 | M14: 앱 축에서 볼 것은 SS-2~SS-4의 동작뿐이며 그 3건은 TC-AUTH-01-09~12가 진다 | N14: 세션 체크 API·토큰 규격·인증 에러 코드는 PRD가 갖지 않고 SvrAPIDoc에 위임한 항목이다. 규격 자체의 검증은 서버 파트 소관이며 앱 TC로 판정할 대상이 아니다
A15: 14 | B15: TC-AUTH-04-01 | C15: 01-온보딩 | D15: AUTH-04 | E15: V-11 | F15: 기능 | G15: 미실행 | H15: 회원가입 STEP 1 진입 | I15: 1. 선택지 목록의 행 수와 각 행의 표시 문자열을 기록 2. 3·4번 행의 부기가 라벨과 같은 한 줄인지, 1·2번에 부기가 없는지 확인 3. 목록에 「나중에 선택」류의 보류 선택지가 있는지 확인 | J15: 선택지가 라디오 4행(휠체어•유모차 / 노약자•임산부 / 저시력 – 화면을 볼 수 있어요. / 전맹 – 화면을 볼 수 없어요.)이고 부기는 3·4번에만 라벨 한 줄로 붙으며 보류 선택지가 없다 | L15: UX 01-로그인-회원가입 3.2절·3.6절 · PRD 1부 1.3 교통약자 유형 선택 4종 | M15: UX 사양의 4종이 정본이다. PRD 1부 1.3도 2026-08-27 통합으로 4종이라 md끼리는 갈리지 않는다
A16: 15 | B16: TC-AUTH-04-02 | C16: 01-온보딩 | D16: AUTH-04 | E16: V-11 | F16: 기능 | G16: 미실행 | H16: 회원가입 STEP 1 진입 · 아직 아무것도 고르지 않은 상태 | I16: 1. 진입 직후 선택된 항목이 있는지 확인 2. 1번을 선택 3. 이어서 3번을 선택 4. 1번의 상태를 확인 | J16: 진입 시 선택된 항목이 없고, 3번을 고르면 1번이 자동 해제돼 항상 한 항목만 선택된다 | L16: UX 01-로그인-회원가입 3.6절·3.7절 요소 4
A17: 16 | B17: TC-AUTH-04-03 | C17: 01-온보딩 | D17: AUTH-04 | E17: V-11 · V-6 | F17: 기능 | G17: 미실행 | H17: 회원가입 STEP 1 진입 · 아직 아무것도 고르지 않은 상태 | I17: 1. 「다음」 버튼의 활성 여부를 확인 2. 「다음」을 눌러 진행을 시도 3. 유형 하나를 선택한 뒤 「다음」의 활성 여부를 다시 확인 | J17: 선택 전에는 「다음」이 비활성이라 진행되지 않고, 유형을 하나 선택하면 활성으로 바뀐다 | L17: UX 01-로그인-회원가입 3.7절 요소 6 · 3.10절
A18: 17 | B18: TC-AUTH-04-04 | C18: 01-온보딩 | D18: AUTH-04 | E18: V-6 · AC-05 | F18: 접근성 | G18: 미실행 | H18: 스크린리더 켬 · 회원가입 STEP 1 진입 · 아직 아무것도 고르지 않은 상태 | I18: 1. 비활성 상태의 「다음」 버튼에 포커스 2. 낭독 문자열을 기록 3. 화면에 표시된 버튼 문구를 기록 | J18: 낭독이 사용할 수 없음과 함께 무엇을 골라야 하는지 사유까지 전달하고, 화면 표시 문구는 「다음」으로 고정돼 사유로 바뀌지 않는다 | L18: UX 01-로그인-회원가입 3.7절 요소 6 · 00-공통 7절 | M18: 사유 문안은 기획 초안이며 검수 전이다
A19: 18 | B19: TC-AUTH-04-05 | C19: 01-온보딩 | D19: AUTH-04 | E19: V-3 | F19: 접근성 | G19: 미실행 | H19: 회원가입 STEP 1 진입 · 그레이스케일 표시로 전환한 단말 | I19: 1. 유형 하나를 선택 2. 그레이스케일 상태에서 선택된 항목과 선택되지 않은 항목을 구별할 수 있는지 확인 | J19: 라디오 표시 형태로 선택 항목이 구별된다. 색만으로 선택 상태를 전달하지 않는다 | L19: UX 01-로그인-회원가입 3.7절 요소 4 · 3.9절
A20: 19 | B20: TC-AUTH-04-06 | C20: 01-온보딩 | D20: AUTH-04 | E20: AC-05 · NFR-05 | F20: 접근성 | G20: 미실행 | H20: 스크린리더 켬 · 회원가입 STEP 1 진입 | I20: 1. 선택지 4행에 순서대로 포커스를 이동 2. 각 행의 낭독 문자열을 기록 | J20: 각 행이 라벨(부기 포함) + 라디오 버튼 + 선택 상태 순으로 낭독되고, 부기가 있는 3·4번은 부기까지 한 라벨로 읽힌다 | L20: UX 01-로그인-회원가입 3.7절 요소 4·5
A21: 20 | B21: TC-AUTH-04-07 | C21: 01-온보딩 | D21: AUTH-04 | E21: AC-05 | F21: 접근성 | G21: 미실행 | H21: 스크린리더 켬 · 회원가입 STEP 1 진입 | I21: 1. 선택지 4행의 낭독 문자열을 모두 기록 2. 진단 여부를 되묻는 의문문 형태가 있는지 확인 | J21: 모든 행이 상태 기술 + 역할 형태로 낭독되고 진단을 확인하는 의문문으로 읽히는 행이 없다 | L21: UX 01-로그인-회원가입 3.3절 · 3.7절 요소 4 낭독 주의
A22: 21 | B22: TC-AUTH-04-08 | C22: 01-온보딩 | D22: AUTH-04 | E22: SG-1 · V-1 | F22: 접근성 | G22: 미실행 | H22: 스크린리더 켬 · 회원가입 STEP 1 진입 | I22: 1. 화면에서 선택지가 시각적으로 묶여 보이는 단위를 기록 2. 스크린리더로 같은 구간을 통과하며 그룹 경계가 전달되는지 확인 | J22: 시각적으로 묶인 단위에 대응하는 그룹 구조가 스크린리더에도 존재한다. 시각 채널에만 있는 그루핑이 없다 | L22: PRD 2부 7.4 SG-1 · UX 01-로그인-회원가입 3.6절·3.9절 | M22: 그룹 라벨을 화면에 노출하지 않는 것은 허용된다. 스크린리더에 그룹이 존재하는지가 판정 기준이다
A23: 22 | B23: TC-AUTH-04-09 | C23: 01-온보딩 | D23: AUTH-04 | E23: SG-2 | F23: 기능 | G23: 미실행 | H23: 유형별로 온보딩을 4회 반복 수행할 수 있는 단말 | I23: 1. 1번 휠체어•유모차를 골라 온보딩을 끝내고 진입한 화면 세트를 기록 2. 앱 데이터를 지우고 2번 노약자•임산부로 반복 3. 같은 방식으로 3번 저시력, 4번 전맹으로 반복 4. 4회 결과의 화면 세트를 대조 | J23: 선택지는 4종이지만 화면 세트는 S1과 S2 두 벌뿐이다. 1·2·3번이 같은 S1 화면 세트이고 4번만 S2다 | L23: PRD 2부 7.4 SG-2 · UX 01-로그인-회원가입 3.2절 3분류 표 | M23: 선택지 수를 화면 세트 수로 읽는 것이 SG-2가 막는 실패 모드다
A24: 23 | B24: TC-AUTH-04-10 | C24: 01-온보딩 | D24: AUTH-04 | E24: SG-3 · AC-06 · T-4 | F24: 비기능 | G24: 미실행 | H24: 회원가입 STEP 1 진입 | I24: 1. 질문·선택지 목록·하단 버튼 묶음의 구분 수단을 기록 2. 시스템 글자 크기를 200%로 올린 뒤 같은 구간을 다시 확인 | J24: 묶음 구분이 구분선·면 대비 등 간격 외의 수단으로도 유지되고 200%에서 덩이가 뭉개지지 않는다 | L24: PRD 2부 7.4 SG-3 · UX 01-로그인-회원가입 3.6절
A25: 24 | B25: TC-AUTH-04-11 | C25: 01-온보딩 | D25: AUTH-04 | E25: SG-4 | F25: 시나리오 | G25: 미실행 | H25: 3번 저시력으로 온보딩을 끝내고 로그인된 상태 | I25: 1. 마이페이지의 교통약자 유형 변경으로 진입 2. 선택지 구성을 최초 온보딩과 대조 3. 다른 유형으로 바꾼 뒤 저장 결과를 확인 | J25: 재선택 경로에서 최초와 같은 4종이 제공되고 유형을 바꿀 수 있다. 최초 선택이 사용자를 한 분류에 고정하지 않는다 | L25: PRD 2부 7.4 SG-4 · UX 01-로그인-회원가입 3.1절 재선택 조항 | M25: 중복 장애 사용자 대응은 복수 선택이 아니라 이 사후 변경 경로가 담당한다
A26: 25 | B26: TC-AUTH-04-12 | C26: 01-온보딩 | D26: AUTH-04 | E26: SG-6 | F26: 시나리오 | G26: 미실행 | H26: 1번 휠체어•유모차로 온보딩을 끝낸 상태 | I26: 1. 마이페이지에서 글자 크기를 확대로 바꿈 2. 교통약자 유형이 1번 그대로인지 확인 3. 유형을 3번 저시력으로 바꾼 뒤 글자 크기 설정값이 유지되는지 확인 | J26: 이동 축(유형)과 시각 축(글자 크기)이 서로를 덮어쓰지 않고 각각 독립으로 유지된다 | L26: PRD 2부 7.4 SG-6
A27: 26 | B27: TC-AUTH-04-13 | C27: 01-온보딩 | D27: AUTH-04 | E27: SG-7 | F27: 시나리오 | G27: 미실행 | H27: 1번 휠체어•유모차와 2번 노약자•임산부로 각각 온보딩을 끝낸 단말 2대 또는 초기화 2회 | I27: 1. 두 경우의 온보딩 직후 홈 화면 구성을 나란히 기록 2. 두 화면의 요소 종류·개수·배치를 대조 | J27: 이동 축이 갈려도 화면 세트는 같다. 유형에 따라 별도 화면 벌이 추가되지 않는다 | L27: PRD 2부 7.4 SG-7 · PRD 1부 1.3 선택 UI 4개·구현 2축 | M27: 이동 축이 갈리는 자리는 경로 산출·동선·안내 문안이며 그 검증은 길안내 화면 TC가 진다
A28: 27 | B28: TC-AUTH-04-14 | C28: 01-온보딩 | D28: AUTH-04 | E28: V-11 | F28: 기능 | G28: 미실행 | H28: 회원가입 STEP 1 진입 | I28: 1. 3번 저시력을 선택하고 「다음」을 누름 2. 온보딩을 끝내고 홈에 진입해 본문 글자 크기 상태를 확인 3. 마이페이지에서 글자 크기 조절 지점이 있는지 확인 | J28: 글자 크기 초기값이 확대로 적용되고, 조절 지점은 마이페이지에 그대로 있다. 이 선택지가 조절 지점을 대체하지 않는다 | L28: UX 01-로그인-회원가입 3.2절·3.4절 · PRD 1부 1.3 유형 표 3번
A29: 28 | B29: TC-AUTH-04-15 | C29: 01-온보딩 | D29: AUTH-04 | E29: V-11 | F29: 기능 | G29: 미실행 | H29: 회원가입 STEP 1 진입 | I29: 1. 4번 전맹을 선택 2. 「다음」을 누름 3. 다음에 표시되는 단계를 기록 | J29: 닉네임 입력 단계를 건너뛰고 남은 단계로 이동한다. 중간에 별도의 음성 안내 전용 단계가 삽입되지 않는다 | L29: UX 01-로그인-회원가입 1절 STEP 표 · 3.5절 이탈
A30: 29 | B30: TC-AUTH-04-16 | C30: 01-온보딩 | D30: AUTH-04 | E30: AC-05 · V-6 | F30: 접근성 | G30: 보류 | H30: 스크린리더 켬 · 회원가입 STEP 1 진입 | I30: 1. 4번 전맹에 포커스해 낭독을 기록 2. 4번을 선택한 뒤 낭독을 기록 | J30: 사양이 갈린다. UX 3.7절은 전맹 선택 시 다음 단계가 음성 안내로 바뀐다는 예고를 낭독할지를 ⬜ 미확정으로 두면서 「화면 성격이 바뀌는 전환이므로 예고하는 쪽이 안전하다」고만 적고 문안을 작성하지 않았다. 예고 낭독의 유무·문안이 정해질 때까지 합불을 가를 수 없다 | L30: UX 01-로그인-회원가입 3.7절 요소 5 · 3.11절 미확정 | M30: U-116 문안 미작성 — 기획 소관. 문안이 확정되면 낭독 유무와 문자열을 판정 기준으로 바꾼다
A31: 30 | B31: TC-AUTH-04-17 | C31: 01-온보딩 | D31: AUTH-04 | E31: NFR-04 · V-6 | F31: 기능 | G31: 보류 | H31: 3번 저시력으로 온보딩을 끝낸 상태 · 마이페이지의 교통약자 유형 변경 진입 | I31: 1. 4번 전맹으로 바꿈 2. 확인 단계가 뜨는지와 몇 단계인지 기록 3. 확인 문안과 낭독을 기록 | J31: 사양이 갈린다. UX 3.10절은 전맹 선택·해제에 확인 단계를 둔다고 요건화했으나 확인 문안·단계 수·낭독 문안이 ⬜ 미작성이다. 확인 단계의 존재만으로는 합불을 가를 수 없다 | L31: UX 01-로그인-회원가입 3.10절 「재선택으로 스킨이 바뀜」 | M31: 확인 단계를 두는 것 자체는 확정이다. 미확정은 문안·단계 수이며 기획 소관
A32: 31 | B32: TC-AUTH-04-18 | C32: 01-온보딩 | D32: AUTH-04 | E32: V-6 | F32: 기능 | G32: 미실행 | H32: 회원가입 STEP 1 진입 · 통신을 끊을 수 있는 환경 | I32: 1. 유형 하나를 선택 2. 통신을 끊은 상태에서 「다음」을 누름 3. 선택값이 유지되는지 확인 4. 통신을 복구한 뒤 계정에 동기화되는지 확인 | J32: 통신이 끊겨도 선택이 로컬에 유지되고 복구 시 계정에 동기화된다. 선택이 사라진 것처럼 보이지 않는다 | L32: UX 01-로그인-회원가입 3.10절 「저장 실패(통신 두절)」
A33: 32 | B33: TC-AUTH-04-19 | C33: 01-온보딩 | D33: AUTH-04 | E33: NFR-04 | F33: 기능 | G33: 보류 | H33: 회원가입 STEP 1 진입 · 아직 아무것도 고르지 않은 상태 | I33: 1. 「이전으로」를 누름 2. 도착한 화면을 기록 3. 다시 STEP 1로 돌아와 진행 상태가 남아 있는지 확인 | J33: 사양이 갈린다. UX 3.10절이 온보딩 첫 단계에서 「이전으로」의 목적지와 그때 진행 상태가 남는지를 ⬜ 미확정(U-66)으로 두고 있어 도착 화면·상태 보존 여부의 합불을 가를 수 없다 | L33: UX 01-로그인-회원가입 3.10절 「선택하지 않고 뒤로 나감」 | M33: U-66 — 기획 소관
A34: 33 | B34: TC-AUTH-04-20 | C34: 01-온보딩 | D34: AUTH-04 | E34: NFR-02 · S-1 · S-2 | F34: 비기능 | G34: 미실행 | H34: 회원가입 STEP 1 진입 · 측정 도구 준비 | I34: 1. 선택지 4행 각각의 히트 영역을 측정 2. 인접한 행 사이 간격과 하단 두 버튼 사이 간격을 측정 | J34: 선택지 행과 하단 버튼의 히트 영역이 44×44pt 이상이고 인접 간격이 8px 이상이다 | L34: UX 01-로그인-회원가입 3.9절 · PRD 2부 7.8 S-1·S-2
A35: 34 | B35: TC-AUTH-04-21 | C35: 01-온보딩 | D35: AUTH-04 | E35: NFR-04 · AC-05 | F35: 접근성 | G35: 미실행 | H35: 스크린리더 켬 · 회원가입 STEP 1 진입 · 포인팅 없이 포커스 이동만 사용 | I35: 1. 화면 첫 요소부터 마지막 요소까지 포커스를 순서대로 이동해 순서를 기록 2. 포커스 상태에서 누르기만으로 유형 선택과 「다음」 진행을 수행 | J35: 제목 → 스텝 인디케이터 → 질문 → 선택지 4행 → 「다음」 → 「이전으로」 순으로 포커스가 이동하고, 누르기만으로 선택과 진행이 모두 가능하다 | L35: UX 01-로그인-회원가입 3.6절·3.7절 · 00-공통 5절
A36: 35 | B36: TC-AUTH-04-22 | C36: 01-온보딩 | D36: AUTH-04 | E36: AC-06 · T-4 | F36: 비기능 | G36: 미실행 | H36: 4번 전맹으로 온보딩을 끝낸 상태(S2) · 시스템 글자 크기 200% | I36: 1. 마이페이지에서 글자 크기 조절 단이 제공되는지 확인 2. 시스템 글자 크기 200% 상태에서 화면 텍스트 크기와 레이아웃을 확인 | J36: 전맹에는 앱의 글자 크기 조절 단이 없고, 그럼에도 시스템 배율 200%가 그대로 적용되며 레이아웃이 깨지지 않는다 | L36: UX 01-로그인-회원가입 3.2절·3.4절 · PRD 2부 7.3 T-4 | M36: 앱 크기 축이 없는 것과 시스템 배율이 적용되지 않는 것은 다르다
A37: 36 | B37: TC-AUTH-03-01 | C37: 01-온보딩 | D37: AUTH-03 | E37: V-1 | F37: 기능 | G37: 미실행 | H37: 로그인 화면에서 회원가입을 선택 | I37: 1. STEP 1부터 완료까지 진행하며 거치는 단계를 기록 2. 마지막 단계의 완료 버튼 문구를 기록 | J37: 회원가입이 교통약자 유형 → 닉네임 → 약관 동의 3단계이고 마지막 단계 버튼이 「시작하기」다 | L37: UX 01-로그인-회원가입 1절 전체 흐름·STEP 표
A38: 37 | B38: TC-AUTH-03-02 | C38: 01-온보딩 | D38: AUTH-03 · AUTH-04 | E38: V-13 | F38: 기능 | G38: 미실행 | H38: 앱 데이터가 없는 단말 · 로그인 화면에서 「비회원으로 시작하기」를 누름 | I38: 1. 상단 제목 문자열을 기록 2. 스텝 인디케이터의 유무를 확인 3. 하단 완료 버튼 문구를 기록 4. 완료 후 도착 화면을 기록 | J38: 제목이 「정보 입력」이고 스텝 인디케이터가 없으며 완료 버튼이 「시작하기」이고, 누르면 홈으로 진입한다 | L38: UX 01-로그인-회원가입 1절 · 2.8절 「비회원 선택」 · 3.7절 요소 1·2 | M38: U-61 — 비회원 진입 화면에 별도 화면 ID를 줄지 미확정이다. 부여되면 이 TC의 화면 키를 이관한다
A39: 38 | B39: TC-AUTH-03-03 | C39: 01-온보딩 | D39: AUTH-03 · AUTH-04 | E39: V-13 · V-14 | F39: 기능 | G39: 미실행 | H39: 로그인 화면에서 「비회원으로 시작하기」를 누름 | I39: 1. 교통약자 유형을 하나 선택하고 「시작하기」를 누름 2. 닉네임 입력 단계와 약관 동의 단계가 나타나는지 확인 3. 홈 진입 후 닉네임 표기를 확인 | J39: 비회원은 교통약자 유형만 받고 닉네임 입력·약관 동의 단계에 도달하지 않으며 닉네임이 시스템에서 자동 부여돼 있다 | L39: UX 01-로그인-회원가입 1절 STEP 표 · 5.1절·5.2절 · PRD 2부 7.4 V-13
A40: 39 | B40: TC-AUTH-03-04 | C40: 01-온보딩 | D40: AUTH-03 | E40: V-13 | F40: 기능 | G40: 보류 | H40: 비회원으로 시작하는 흐름 진입 | I40: 1. 비회원 흐름 전체에서 위치기반 서비스 약관 동의를 받는 지점이 있는지 확인 2. 약관 3종의 열람 경로가 제공되는지 확인 | J40: 사양이 갈린다. 현행 UX·PRD는 비회원에게 약관 동의를 받지 않는 것으로 확정돼 있으나, 비회원 위치기반 약관 동의의 법령 근거가 열린 미결(PM → 법무·발주처)이고 결과가 반대면 비회원 전용 약관 1종이 추가된다. 동의 지점의 유무를 지금 합불로 가를 수 없다 | L40: UX 01-로그인-회원가입 2.6절 입력 · 5.6절 입력 | M40: 동의를 받지 않는 것과 문서를 감추는 것은 다르다 — 약관 열람 경로는 비회원에게도 제공된다. 그 부분은 확정 사양이다
A41: 40 | B41: TC-AUTH-03-05 | C41: 01-온보딩 | D41: AUTH-03 | E41: NFR-05 | F41: 접근성 | G41: 미실행 | H41: 스크린리더 켬 · 회원가입 STEP 2 진입 | I41: 1. 닉네임 입력란에 포커스해 낭독을 기록 2. 문자를 입력한 뒤 라벨 근거가 남아 있는지 확인 | J41: 입력란이 "닉네임, 입력란"처럼 라벨과 함께 낭독되고, 값을 입력해도 라벨 근거가 사라지지 않는다. 라벨을 placeholder로만 제공하지 않는다 | L41: 00-공통 1절 입력 필드 공통 요건 · UX 01-로그인-회원가입 4.3절 요소 4
A42: 41 | B42: TC-AUTH-03-06 | C42: 01-온보딩 | D42: AUTH-03 | E42: V-6 | F42: 기능 | G42: 미실행 | H42: 회원가입 STEP 2 진입 | I42: 1. 닉네임 입력란에 특수기호를 입력 시도 2. 숫자와 이모지를 차례로 입력 시도 3. 한글 8글자를 채운 뒤 9번째 글자를 입력 시도 4. 입력란의 값과 글자 수를 확인 | J42: 특수기호·숫자·이모지가 입력란에 들어가지 않고 8글자를 넘으면 더 이상 입력되지 않는다. 입력된 뒤 오류로 알리는 방식이 아니다 | L42: UX 01-로그인-회원가입 4.3절 요소 4 · 4.4절 | M42: 입력이 막히는 것을 침묵으로 넘기지 않는다는 요건은 TC-AUTH-03-07이 진다
A43: 42 | B43: TC-AUTH-03-07 | C43: 01-온보딩 | D43: AUTH-03 | E43: V-6 · AC-05 | F43: 접근성 | G43: 보류 | H43: 스크린리더 켬 · 회원가입 STEP 2 진입 | I43: 1. 닉네임 입력란에 특수기호를 입력 시도 2. 입력이 막힌 직후의 화면 표시와 낭독을 기록 | J43: 사양이 갈린다. UX는 입력이 막히는 것을 침묵으로 넘기지 않는다를 요건으로 두면서 알림 문안을 ⬜ 미확정(U-66)으로 남겼다. 알림이 무엇으로 전달되는지 정해지지 않아 합불을 가를 수 없다 | L43: UX 01-로그인-회원가입 4.3절 요소 4 · 4.4절 · 4.5절 미확정 | M43: U-66 — 기획 소관. 8글자 초과 차단 시 알림도 같은 미확정에 걸린다
A44: 43 | B44: TC-AUTH-03-08 | C44: 01-온보딩 | D44: AUTH-03 | E44: V-3 · V-6 · NFR-04 | F44: 기능 | G44: 미실행 | H44: 회원가입 STEP 2 진입 · 이미 사용 중인 닉네임을 준비 | I44: 1. 중복된 닉네임을 입력 2. 입력 중 실시간 오류가 뜨는지 확인 3. 「다음」을 누름 4. 오류 표기 채널·버튼 상태·포커스 위치를 기록 | J44: 중복 체크가 「다음」을 누른 시점에 일어나고, 입력란 하단에 색·텍스트·아이콘을 병기한 오류가 표시되며 「다음」이 비활성이 되고 포커스가 입력란으로 이동한다 | L44: UX 01-로그인-회원가입 4.3절 요소 5 · 00-공통 1절
A45: 44 | B45: TC-AUTH-03-09 | C45: 01-온보딩 | D45: AUTH-03 | E45: V-6 | F45: 기능 | G45: 보류 | H45: 회원가입 STEP 2 진입 · 통신을 끊을 수 있는 환경 | I45: 1. 닉네임을 입력하고 통신이 끊긴 상태에서 「다음」을 누름 2. 진행 허용 여부를 기록 3. 통신을 복구하고 공백만 입력한 뒤 「다음」을 누름 | J45: 사양이 갈린다. UX 4.4절이 중복 체크 통신 실패 시 진행 허용 여부와 공백 허용 여부를 모두 ⬜ 미확정(U-66)으로 두고 있어 두 경우의 합불을 가를 수 없다 | L45: UX 01-로그인-회원가입 4.4절 「중복 체크 통신 실패」·「공백만 입력」 | M45: U-66 — 기획 소관
A46: 45 | B46: TC-AUTH-03-10 | C46: 01-온보딩 | D46: AUTH-03 | E46: V-14 · V-3 | F46: 기능 | G46: 미실행 | H46: 회원가입 STEP 3 진입 | I46: 1. 동의 항목의 개수와 약관명을 기록 2. 각 항목의 필수·선택 표기를 기록 3. 선택 항목이 있는지 확인 | J46: 동의 항목이 서비스 이용 약관·위치기반 서비스 이용약관·개인정보 처리방침 3종이고 3종 모두 필수가 텍스트로 표기되며 선택 항목이 없다 | L46: UX 01-로그인-회원가입 5.3절·5.4절 요소 5 · PRD 2부 7.4 V-14 | M46: 3항 라벨은 개인정보 처리방침으로 확정됐다. 문안 조정 가능성은 발주처·법무 확인 대상이며 3종 전부 필수라는 요건은 불변이다
A47: 46 | B47: TC-AUTH-03-11 | C47: 01-온보딩 | D47: AUTH-03 | E47: V-14 | F47: 기능 | G47: 미실행 | H47: 회원가입 STEP 3 진입 · 모든 항목 미체크 | I47: 1. 3종 중 2종만 체크 2. 「시작하기」의 활성 여부를 확인하고 눌러 진행을 시도 3. 나머지 1종을 체크한 뒤 다시 확인 | J47: 2종만 체크한 상태에서는 「시작하기」가 비활성이라 가입이 완료되지 않고, 3종 전부 체크했을 때만 활성이 된다 | L47: UX 01-로그인-회원가입 5.4절 요소 5·7 · PRD 2부 7.4 V-14
A48: 47 | B48: TC-AUTH-03-12 | C48: 01-온보딩 | D48: AUTH-03 | E48: V-14 · V-6 | F48: 접근성 | G48: 미실행 | H48: 스크린리더 켬 · 회원가입 STEP 3 진입 · 1종만 체크한 상태 | I48: 1. 비활성 상태의 「시작하기」에 포커스 2. 낭독 문자열을 기록 3. 화면에 표시된 버튼 문구를 기록 | J48: 낭독이 남은 약관을 이름으로 나열해 알리고(2건 이상이면 쉼표 나열) 화면 표시 문구는 「시작하기」로 고정된다. 남은 건수만 알리거나 버튼 문구를 사유로 바꾸지 않는다 | L48: UX 01-로그인-회원가입 5.4절 요소 7 · 00-공통 7절
A49: 48 | B49: TC-AUTH-03-13 | C49: 01-온보딩 | D49: AUTH-03 | E49: V-14 · AC-05 | F49: 접근성 | G49: 미실행 | H49: 스크린리더 켬 · 회원가입 STEP 3 진입 | I49: 1. 「전체 동의」를 체크 2. 개별 항목 3종에 각각 포커스해 낭독 상태를 기록 3. 개별 항목 중 1종을 해제한 뒤 진행 가능 여부를 확인 | J49: 개별 체크 상태가 정본으로 동작한다. 전체 동의를 켰더라도 개별 1종이 해제되면 가입이 완료되지 않고 각 항목이 독립으로 낭독된다 | L49: UX 01-로그인-회원가입 5.4절 요소 4·5 · 5.5절
A50: 49 | B50: TC-AUTH-03-14 | C50: 01-온보딩 | D50: AUTH-03 | E50: V-14 | F50: 기능 | G50: 보류 | H50: 회원가입 STEP 3 진입 · 모든 항목 미체크 | I50: 1. 「전체 동의」를 체크해 3종이 모두 체크되는지 확인 2. 「전체 동의」를 해제해 3종이 모두 해제되는지 확인 3. 3종 전부 체크한 상태에서 개별 1종을 해제해 「전체 동의」 상태를 확인 | J50: 사양이 갈린다. UX 5.3절·5.8절이 「전체 동의」의 전체 체크·해제 동작과 개별 해제 시 전체 해제 여부를 ⬜ 미확정으로 두고 있어 세 절차의 기대 상태를 정할 수 없다 | L50: UX 01-로그인-회원가입 5.3절 미확정 · 5.8절 미확정 | M50: 개별 체크가 정본이라는 원칙(V-14)은 확정이며 TC-AUTH-03-13이 그 부분을 진다. 미확정은 전체 동의 컨트롤의 연동 동작이다
A51: 50 | B51: TC-AUTH-03-15 | C51: 01-온보딩 | D51: AUTH-03 | E51: NFR-04 · AC-05 | F51: 접근성 | G51: 미실행 | H51: 스크린리더 켬 · 회원가입 STEP 3 진입 · 포인팅 없이 포커스 이동만 사용 | I51: 1. 화면 첫 요소부터 마지막 요소까지 포커스를 순서대로 이동 2. 낭독된 항목을 순서대로 기록 3. 개별 동의 항목 3종이 모두 포커스를 받는지 확인 | J51: 가입 단계 안내 → 동의 항목 3종 각각(보기 버튼 포함) → 「전체 동의」 → 완료 버튼 순으로 낭독되고, 「전체 동의」만 포커스되고 개별 3종이 건너뛰어지는 일이 없다 | L51: UX 01-로그인-회원가입 5.5절 낭독 순서
A52: 51 | B52: TC-AUTH-03-16 | C52: 01-온보딩 | D52: AUTH-03 | E52: NFR-05 | F52: 접근성 | G52: 미실행 | H52: 회원가입 STEP 3 진입 | I52: 1. 각 동의 항목 행 우측의 약관 전문 진입 수단을 확인 2. 아이콘 단독으로 제공되는 행이 있는지 확인 | J52: 3개 행 모두 「보기」 텍스트 버튼으로 약관 전문 경로를 제공한다. 아이콘 단독으로 둔 행이 없다 | L52: UX 01-로그인-회원가입 5.3절·5.4절 요소 6
A53: 52 | B53: TC-AUTH-03-17 | C53: 01-온보딩 | D53: AUTH-03 | E53: V-1 | F53: 기능 | G53: 보류 | H53: 회원가입 STEP 3 진입 | I53: 1. 서비스 이용 약관 행의 「보기」를 누름 2. 도착한 곳이 앱 내 화면인지 외부 웹인지 기록 3. 돌아와 나머지 2종에서 반복 | J53: 사양이 갈린다. UX 5.2절은 이탈처를 약관 화면 3종으로 적고 5.3절·5.8절은 외부 웹인지 앱 내 화면인지를 ⬜ 미확정(U-83)으로 둔다. 도착지의 형태를 합불로 가를 수 없다 | L53: UX 01-로그인-회원가입 5.2절 이탈 · 5.8절 미확정 | M53: U-83 — 기획 소관
A54: 53 | B54: TC-AUTH-03-18 | C54: 01-온보딩 | D54: AUTH-03 | E54: NFR-02 · S-1 · S-2 | F54: 비기능 | G54: 미실행 | H54: 회원가입 STEP 3 진입 · 측정 도구 준비 | I54: 1. 체크박스 4개(전체 동의 1 + 개별 3)와 「보기」 3개의 히트 영역을 측정 2. 같은 행 안의 체크박스와 「보기」 사이, 인접한 행 사이 간격을 측정 | J54: 모든 체크박스와 「보기」의 히트 영역이 44×44pt 이상이고 인접 간격이 8px 이상이다 | L54: UX 01-로그인-회원가입 5.3절·5.4절 · PRD 2부 7.8 S-1·S-2
A55: 54 | B55: TC-AUTH-03-19 | C55: 01-온보딩 | D55: AUTH-03 | E55: AC-06 · T-4 | F55: 비기능 | G55: 미실행 | H55: 시스템 글자 크기 200% · 회원가입 STEP 3 진입 | I55: 1. 약관 4행과 하단 고정 2버튼의 표시를 확인 2. 약관명·필수 표기·「보기」가 잘리거나 겹치는지 기록 3. 하단 버튼 문구가 줄바꿈·말줄임되는지 확인 | J55: 200%에서 약관명·필수 표기·「보기」가 모두 읽히고 하단 버튼 문구가 1행을 유지한다 | L55: UX 01-로그인-회원가입 5.3절 · 00-공통 7절 · PRD 2부 7.3 T-4
A56: 55 | B56: TC-AUTH-03-20 | C56: 01-온보딩 | D56: AUTH-03 | E56: V-1 · AC-05 | F56: 접근성 | G56: 보류 | H56: 스크린리더 켬 · STEP 1에서 4번 전맹을 선택하고 「다음」을 누른 직후 | I56: 1. 이후 단계의 화면 형태가 S1 배치인지 S2 형태인지 기록 2. 각 단계를 스크린리더만으로 끝까지 통과 | J56: 사양이 갈린다. 00-공통 5절은 AUTH-01·AUTH-03·AUTH-04 세 화면을 S1 고정으로 못박았으나, UX 1절이 STEP 1의 전맹 분기 이후 음성 진행이 그 판정과 긴장 관계이며 판정 개정 여부는 담당자 확인이 필요하다고 적고 있다. 전맹 선택 후 남은 단계의 스킨을 합불로 가를 수 없다 | L56: 00-공통 5절 스킨 선택 전 구간 S1 고정 · UX 01-로그인-회원가입 1절 전맹 분기 | M56: 스크린리더로 완주 가능해야 한다는 AC-05 요건 자체는 어느 판정이든 불변이며 그 부분은 TC-AUTH-03-15가 진다
A57: 56 | B57: TC-HOME-01-01 | C57: 02-홈 | D57: HOME-01 | E57: SC-01 | F57: 기능 | G57: 미실행 | H57: S1 유형(전맹 외)으로 계정 유형이 설정된 상태 · 홈 진입 | I57: 1. 홈 화면에 진입한다 2. 메뉴 버튼의 개수와 행·열 배치를 센다 3. 버튼의 나열 순서를 좌상단부터 읽는다 | J57: 메뉴가 6버튼이고 2열 × 3행 그리드로 놓인다. 순서는 길안내 → 인근 편의시설 → 버스정류장 → 지하철역 → 택시 호출 → 불편신고다. 버튼 1개는 아이콘(상) + 라벨(하) 구성이다 | L57: UX 02-홈 3.1절 · 4절 요소 2 · PRD 2부 7.4 SC-01
A58: 57 | B58: TC-HOME-01-02 | C58: 02-홈 | D58: HOME-01 | E58: SC-01 | F58: 기능 | G58: 미실행 | H58: S1 홈 진입 | I58: 1. 홈 화면 전체를 훑는다 2. 지도 레이어·POI·지도 컨트롤이 그려지는지 본다 | J58: 홈에 지도가 표출되지 않는다. 지도는 길안내·탐색 기능 안에서만 쓰이며 홈의 상주 레이어가 아니다 | L58: PRD 2부 7.4 SC-01 주석 「지도 비사용」 · UX 02-홈 6절 | M58: 앱 잠정값 A-1(지도 전체화면 + 크기 조절 바텀시트)은 폐기됐다 — 그 구성이 나오면 실패다
A59: 58 | B59: TC-HOME-01-03 | C59: 02-홈 | D59: HOME-01 | E59: SC-01 | F59: 기능 | G59: 미실행 | H59: S1 홈 진입 | I59: 1. 홈 화면에서 검색 입력란을 찾는다 2. 즐겨찾기(집·회사·복지관) 칩을 찾는다 3. 인근 편의시설 칩 7종과 최근 도착지 목록을 찾는다 | J59: 네 가지 모두 홈에 없다. 홈의 구성요소는 앱바 · 메뉴 6버튼 · 하단 Nav 3탭 셋뿐이다 | L59: UX 02-홈 6절 「홈에 없는 것」 | M59: 이 요소들의 실제 위치는 `2-0` 길안내의 검색창·바텀시트다(2026-08-26 확정)
A60: 59 | B60: TC-HOME-01-04 | C60: 02-홈 | D60: HOME-01 | E60: SC-01 | F60: 기능 | G60: 미실행 | H60: 계정 교통약자 유형이 「전맹」(S2)으로 설정된 상태 · 홈 진입 | I60: 1. 홈 화면에 진입한다 2. 메뉴 버튼의 배치(열 수·행 수)를 센다 3. 행의 나열 순서를 위에서부터 읽는다 | J60: 메뉴 6버튼이 1열 직렬 6행으로 놓이고, 행 1개는 아이콘(좌) + 라벨(우) 구성이다. 순서는 S1과 같다(길안내 → 인근 편의시설 → 버스정류장 → 지하철역 → 택시 호출 → 불편신고) | L60: UX 02-홈 3.2절 · 4.1절 · 00-공통 9절 규칙 4 | M60: 배치만 갈리고 메뉴 항목·하단 탭·순서는 두 스킨이 같다
A61: 60 | B61: TC-HOME-01-05 | C61: 02-홈 | D61: HOME-01 | E61: SC-01 | F61: 기능 | G61: 미실행 | H61: S1 홈 진입 · 회원 로그인 상태 | I61: 1. 메뉴 6버튼을 하나씩 선택하고 도달 화면을 기록한다 2. 각 회차마다 홈으로 복귀한다 | J61: 길안내 → `2-0` 길안내 / 인근 편의시설 → `1-2` / 버스정류장 → `2-5` 버스정류장 정보 / 지하철역 → `1-4` / 택시 호출 → `1-5` / 불편신고 → `1-6`으로 각각 이동한다. 6건 모두 성립해야 통과 | L61: UX 02-홈 4절 요소 2-1~2-6 | M61: 「버스정류장」은 `2-5`를 공용으로 쓴다 — 전용 화면을 새로 띄우면 실패다
A62: 61 | B62: TC-HOME-01-06 | C62: 02-홈 | D62: HOME-01 | E62: SC-01 · V-3 | F62: 기능 | G62: 미실행 | H62: S1 홈 진입 | I62: 1. 하단 Nav의 탭 개수를 센다 2. 좌에서 우로 탭 라벨을 읽는다 | J62: 탭이 3개이고 좌부터 「홈」 · 「길안내」 · 「마이페이지」 순이다. 홈이 최좌측이다 | L62: UX 02-홈 4절 요소 3 · adr/2026-08-31-탭바-순서-krds-홈-최좌측 · KRDS 컴포넌트 12-07 | M62: 구 배치(「길안내 · 홈 · 마이페이지」)는 폐기됐다 — 홈이 가운데면 실패다
A63: 62 | B63: TC-HOME-01-07 | C63: 02-홈 | D63: HOME-01 | E63: SC-01 · V-3 · NFR-05 | F63: 접근성 | G63: 미실행 | H63: S1 홈 진입 | I63: 1. 하단 Nav 3탭 각각에 아이콘과 텍스트 라벨이 함께 있는지 본다 2. 현재 탭과 나머지 탭의 구분이 색 외의 수단(텍스트·아이콘 형태)으로도 드러나는지 본다 | J63: 3탭 모두 아이콘 + 라벨을 병기한다. 아이콘 단독 탭이 없고, 현재 탭 구분에 색을 단독으로 쓰지 않는다 | L63: UX 02-홈 4절 요소 3 · PRD 2부 7.4 SC-01 「하단 탭은 아이콘 + 라벨 병기」
A64: 63 | B64: TC-HOME-01-08 | C64: 02-홈 | D64: HOME-01 | E64: V-6 · AC-05 | F64: 접근성 | G64: 미실행 | H64: S2(전맹) 유형 · TalkBack(또는 VoiceOver) 켬 · 홈 진입 | I64: 1. 하단 Nav의 「홈」 탭에 포커스를 옮긴다 2. 낭독 문구를 듣는다 3. 「홈」 탭을 선택한다 | J64: 「홈, 현재 화면」으로 낭독되고, 선택해도 화면이 바뀌지 않는다는 사실이 낭독으로 전달된다. 무반응이 침묵으로 남지 않는다 | L64: UX 02-홈 4절 요소 3 · 5절 · 7절 · PRD 2부 7.4 V-6
A65: 64 | B65: TC-HOME-01-09 | C65: 02-홈 | D65: HOME-01 | E65: SC-01 | F65: 기능 | G65: 미실행 | H65: S1 홈 진입 | I65: 1. 앱바의 좌측 영역에 뒤로가기 컨트롤이 있는지 본다 2. 앱바 타이틀 문구를 읽는다 3. OS 뒤로가기(안드로이드 제스처·버튼)를 실행한다 | J65: 앱바에 뒤로가기 컨트롤이 없고 타이틀은 「서울동행맵」이다. 홈은 1depth이므로 앱 내부의 이전 화면으로 되돌아가지 않는다 | L65: UX 02-홈 1절 depth · 4절 요소 1
A66: 65 | B66: TC-HOME-01-10 | C66: 02-홈 | D66: HOME-01 | E66: V-1 · AC-05 · NFR-04 | F66: 접근성 | G66: 미실행 | H66: S2(전맹) 유형 · 스크린리더 켬 · 홈 진입 | I66: 1. 화면 첫 요소부터 스와이프로 포커스를 끝까지 이동시킨다 2. 낭독된 항목의 순서를 기록한다 | J66: ① 앱 타이틀 → ② 메뉴 6개(길안내 → 인근 편의시설 → 버스정류장 → 지하철역 → 택시 호출 → 불편신고) → ③ 하단 3탭(홈 → 길안내 → 마이페이지) 순으로 낭독되고, 포커스 순서가 낭독 순서와 일치한다 | L66: UX 02-홈 5절 낭독 순서 표 | M66: 「음성인식 시작하기」는 낭독 순서에 없다 — 홈에 두지 않는다
A67: 66 | B67: TC-HOME-01-11 | C67: 02-홈 | D67: HOME-01 | E67: NFR-02 · S-1 · S-2 | F67: 접근성 | G67: 미실행 | H67: S1 홈 진입 · 접근성 검사 도구로 터치 영역 측정 가능 | I67: 1. 메뉴 6버튼 각각의 터치 히트 영역을 측정한다 2. 하단 Nav 3탭 각각의 터치 히트 영역을 측정한다 3. 인접한 두 타겟 사이의 간격을 측정한다 | J67: 모든 터치 타겟이 44×44pt 이상이고 인접 타겟 간격이 8px 이상이다. radius가 있어도 히트 영역은 사각 44×44pt를 유지한다 | L67: PRD 2부 7.8 S-1·S-2 · PRD 1부 NFR-02
A68: 67 | B68: TC-HOME-01-12 | C68: 02-홈 | D68: HOME-01 | E68: AC-06 · T-4 | F68: 접근성 | G68: 미실행 | H68: S1 홈 진입 · OS 글자 크기 설정 200% | I68: 1. OS 설정에서 글자 크기를 200%로 올린다 2. 홈으로 돌아와 메뉴 6버튼 라벨과 하단 탭 라벨을 본다 | J68: 6버튼 라벨과 3탭 라벨이 잘리거나 겹치지 않고, 그리드·탭 배치가 무너지지 않는다. 라벨이 말줄임으로 사라지지 않는다 | L68: PRD 1부 AC-06 · PRD 2부 7.3 T-4 | M68: S2(1열 직렬)에서도 같은 측정을 반복한다
A69: 68 | B69: TC-HOME-01-13 | C69: 02-홈 | D69: HOME-01 | E69: NFR-05 · AC-05 | F69: 접근성 | G69: 미실행 | H69: S2 유형 · 스크린리더 켬 · 홈 진입 | I69: 1. 메뉴 6버튼에 차례로 포커스를 옮긴다 2. 각 버튼의 낭독 문구를 기록한다 | J69: 각 버튼이 「길안내, 버튼」 형식으로 기능명 + 역할이 함께 낭독된다. 아이콘이 파일명·기호로 읽히거나 이름 없이 「버튼」만 읽히는 항목이 없다 | L69: PRD 1부 NFR-05 · UX 02-홈 4절 「음성(S2) 낭독 라벨」 칸
A70: 69 | B70: TC-HOME-01-14 | C70: 02-홈 | D70: HOME-01 | E70: NFR-04 | F70: 접근성 | G70: 미실행 | H70: S1 홈 진입 | I70: 1. 메뉴 6버튼과 하단 3탭을 누르기(탭) 동작만으로 차례로 실행한다 2. 드래그·스와이프·길게 누르기가 필요한 컨트롤이 있는지 확인한다 | J70: 홈의 모든 컨트롤이 단순 누르기만으로 실행된다. 누르기 외의 동작을 요구하는 컨트롤이 없다 | L70: PRD 1부 NFR-04 「모든 컨트롤은 누르기 동작만으로 제어 가능」
A71: 70 | B71: TC-HOME-01-15 | C71: 02-홈 | D71: HOME-01 | E71: SC-01 · V-6 | F71: 기능 | G71: 미실행 | H71: 비회원 시작(`0-3`)으로 진입한 상태 · 홈 | I71: 1. 홈의 메뉴 6버튼 노출 상태를 확인한다 2. 회원 전용 기능에 해당하는 메뉴를 선택한다 | J71: 홈 메뉴는 회원과 동일하게 6개가 그대로 노출되고, 회원 전용 기능은 진입 시점에 비회원 차단 다이얼로그가 뜬다. 메뉴를 숨기거나 침묵으로 막지 않는다 | L71: UX 02-홈 7절 예외 케이스 · 01-로그인-회원가입 6절
A72: 71 | B72: TC-HOME-01-16 | C72: 02-홈 | D72: HOME-01 | E72: SC-01 | F72: 기능 | G72: 보류 | H72: 실시간 안내(내비게이션)가 진행 중인 상태에서 홈으로 이동 | I72: 1. 길안내를 시작해 안내가 진행 중인 상태를 만든다 2. 하단 Nav로 홈으로 이동한다 3. 홈에서 실시간 안내 상태 표시를 찾는다 | J72: 보류 — 사양이 갈린다. PRD `SC-01`은 「실시간 안내 상태를 텍스트로 명시」를 요구하지만 UX 02-홈 현행 구성은 앱바·메뉴 6버튼·하단 3탭 셋뿐이고 실시간 안내 카드 자리가 없다. UX가 이를 U-40(홈 레이아웃 3중 불일치)·U-35(화면에 반영되지 않은 PRD 홈 요건)로 등재해 두었다 | L72: PRD 2부 7.4 SC-01 「실시간 안내 상태를 텍스트로 명시」 · UX 02-홈 8.1절 U-40·U-35 | M72: 소관 PM · 판정 전까지 합/불합을 가를 수 없다
A73: 72 | B73: TC-HOME-01-17 | C73: 02-홈 | D73: HOME-01 | E73: SC-01 · US-01 | F73: 기능 | G73: 보류 | H73: S1 홈 진입 | I73: 1. 홈에서 주변 탐색 진입점을 찾는다 2. 그 진입점이 전면 배치인지(6버튼 중 어디에 놓였는지) 확인한다 | J73: 보류 — 사양이 갈린다. PRD `SC-01`은 주변 탐색을 홈의 핵심 진입점으로 전면 배치할 것을 요구하지만, UX 02-홈 메뉴 6종에 주변 탐색이 없다(가장 가까운 「인근 편의시설」은 `1-2` 계열로 축이 다르다). UX가 U-35로 등재했고 KWCAG 심사 대상으로 표시했다 | L73: PRD 2부 7.4 SC-01 「주변 탐색(US-01)을 핵심 진입점으로 전면 배치」 · UX 02-홈 8.1절 U-35 | M73: 소관 PM · 주변 탐색 독립 화면 확정(2026-08-21)과 홈 배치 요건의 관계가 정리되지 않았다
A74: 73 | B74: TC-HOME-01-18 | C74: 02-홈 | D74: HOME-01 | E74: V-10 | F74: 기능 | G74: 보류 | H74: S1 홈 진입 | I74: 1. 홈에서 지도 확대·축소 버튼을 찾는다 | J74: 보류 — 사양이 갈린다. UX 02-홈 U-35가 확대·축소(`V-10`)를 「화면에 반영되지 않은 PRD 홈 요건」으로 등재했으나, 같은 `SC-01`이 홈에서 지도를 제거해 대체할 다중 포인터 제스처 자체가 홈에 없다. 요건이 홈에 걸리는지부터 판정이 필요하다 | L74: PRD 2부 7.4 V-10 · UX 02-홈 8.1절 U-35 · PRD 2부 7.4 SC-01 주석 | M74: 소관 PM · 지도가 있는 화면(`ROUTE-01` 등)에서의 `V-10`은 03-길안내 TC가 담는다
A75: 74 | B75: TC-ROUTE-01-01 | C75: 03-길안내 | D75: ROUTE-01 | E75: SC-02 | F75: 기능 | G75: 미실행 | H75: S1 유형 · 하단 Nav 「길안내」로 `2-0` 최초 진입(경로 미입력) | I75: 1. `2-0`에 진입해 바텀시트의 기본 크기를 확인한다 2. 시트 안의 섹션 이름과 순서를 위에서부터 읽는다 3. 각 섹션의 항목 개수를 센다 | J75: 시트가 최대화 상태로 열리고, 즐겨찾기(칩 3개: 집·회사·복지관) → 인근 편의시설(칩 7개) → 최근 도착지(행 2개) 순으로 표출된다 | L75: UX 03-길안내-메인 4.1절 · 6절 요소 6~8
A76: 75 | B76: TC-ROUTE-01-02 | C76: 03-길안내 | D76: ROUTE-01 | E76: SC-02 · NFR-04 | F76: 기능 | G76: 미실행 | H76: S1 · `2-0` 시트 최대화 상태 | I76: 1. 즐겨찾기 섹션 헤더 우측에 더보기 `[>]`가 있는지 본다 2. 인근 편의시설 섹션 헤더 우측을 본다 3. 최근 도착지 섹션 헤더와 그 개별 행 우측을 각각 본다 | J76: `[>]` 더보기는 즐겨찾기 섹션 헤더와 최근 도착지 섹션 헤더 2곳에만 있다. 인근 편의시설 섹션에는 없고, 최근 도착지의 개별 행에도 없다 | L76: UX 03-길안내-메인 6절 요소 6~8 및 그 아래 ⛔ 조항 | M76: 이동처가 없는 컨트롤을 두지 않는다는 조항이다 — 인근 편의시설에 `[>]`가 있으면 실패다
A77: 76 | B77: TC-ROUTE-01-03 | C77: 03-길안내 | D77: ROUTE-01 | E77: SC-02 | F77: 기능 | G77: 미실행 | H77: S1 · `2-0` 시트 최대화 상태 | I77: 1. 시트 전환 컨트롤(손잡이)을 눌러 최소화로 전환한다 2. 시트에 남는 요소를 확인한다 3. 지도 우하단에 「내 위치」 컨트롤이 나타나는지 본다 4. 다시 최대화로 되돌려 「내 위치」 노출 여부를 본다 | J77: 최소화하면 시트에 손잡이만 남고 지도·POI가 드러나며 「내 위치」가 노출된다. 최대화로 되돌리면 「내 위치」가 사라진다. 최대화와 최소화 사이의 중간 단계는 없다 | L77: UX 03-길안내-메인 4.2절 · 5.1절 · 6절 요소 3
A78: 77 | B78: TC-ROUTE-01-04 | C78: 03-길안내 | D78: ROUTE-01 | E78: V-10 · NFR-04 | F78: 접근성 | G78: 미실행 | H78: S1 · `2-0` 진입 | I78: 1. 드래그를 쓰지 않고 시트 전환 컨트롤을 한 번 누른다 2. 시트 크기가 바뀌는지 본다 3. 같은 방식으로 다시 눌러 원래 크기로 돌아오는지 본다 | J78: 최대화 ↔ 최소화 전환이 누르기 동작만으로 양방향 모두 성립한다. 드래그를 병행 제공하는 것은 무방하나 드래그 없이는 전환할 수 없으면 실패다 | L78: UX 03-길안내-메인 6절 요소 4 · PRD 2부 7.4 V-10 적용 사례 | M78: 크롬 없는 토글(핸들 탭)을 택했다면 보조 기술에 컨트롤로 노출되고 초점을 받는지도 함께 본다
A79: 78 | B79: TC-ROUTE-01-05 | C79: 03-길안내 | D79: ROUTE-01 · ROUTE-02 | E79: V-1 · AC-05 | F79: 접근성 | G79: 미실행 | H79: S2(전맹) 유형 · 스크린리더 켬 · `2-0` 진입 | I79: 1. 경로 입력 전 상태에서 바텀시트에 포커스를 올려 시트 이름 낭독을 듣는다 2. 시트 첫 줄에 시각적 제목(h2)이 그려져 있는지 본다 3. 출발지·도착지를 모두 입력해 경로 리스트 상태로 만든 뒤 시트 이름 낭독을 다시 듣는다 | J79: 경로 입력 전에는 「도착지 선택」, 경로 리스트 상태에서는 「경로 목록」으로 낭독된다. 이름은 낭독 전용이라 화면에 그려지지 않고, 시트 첫 줄은 즐겨찾기 섹션 헤더다. 어느 상태에서도 「길안내」로 낭독되지 않는다 | L79: UX 03-길안내-메인 5.2절 | M79: 화면명(`2-0` 길안내)과 같은 낱말을 두 번 듣게 되면 이동 여부를 알 수 없다는 것이 금지 근거다
A80: 79 | B80: TC-ROUTE-01-06 | C80: 03-길안내 | D80: ROUTE-01 | E80: V-10 | F80: 기능 | G80: 미실행 | H80: S1 · `2-0` 시트 최소화 상태(지도 조작 가능) | I80: 1. 두 손가락 회전 제스처로 지도를 돌린다 2. 「정북 복원」 컨트롤이 표출되는지 본다 3. 「정북 복원」을 한 번 누른다 4. 지도의 방위·기울기와 컨트롤 표출 상태, 그리고 지도 중심 위치를 확인한다 | J80: 방위축이 정북이 아닐 때 「정북 복원」이 표출되고, 누르기 한 번으로 방위 0°·기울기 0°가 복원되며 컨트롤은 미표출로 바뀐다. 위치축은 변하지 않는다 | L80: UX 00-공통 3.2·3.3·3.5절 | M80: 회전·기울이기는 앱이 지도 SDK로 직접 켠 다중 포인터 제스처라 `KWCAG 6.5.1` 면제 2건에 해당하지 않는다
A81: 80 | B81: TC-ROUTE-01-07 | C81: 03-길안내 | D81: ROUTE-01 | E81: V-3 | F81: 접근성 | G81: 미실행 | H81: S1 · `2-0` 시트 최소화 상태 | I81: 1. 추적 중 상태에서 「내 위치」 아이콘을 캡처한다 2. 지도를 팬해 이탈 상태를 만들고 다시 캡처한다 3. 회전뷰로 전환해 세 번째 상태를 캡처한다 4. 세 캡처를 회색조로 변환해 구분되는지 본다 | J81: 활성·비활성·회전뷰 3상태가 색뿐 아니라 아이콘 형태로도 달라져 회색조에서도 구분된다. 색만 바뀌고 형태가 같으면 실패다 | L81: UX 00-공통 3.2·3.4절 | M81: 실제 도형은 디자인 소관(U-99)이라 형태 자체는 판정하지 않고 「형태가 갈리는가」만 본다
A82: 81 | B82: TC-ROUTE-01-08 | C82: 03-길안내 | D82: ROUTE-01 | E82: V-10 | F82: 기능 | G82: 보류 | H82: S1 · `2-0` 지도 표출 상태 | I82: 1. 지도 영역에서 확대·축소 버튼을 찾는다 2. 버튼이 어느 시트 상태에서 노출되는지 확인한다 | J82: 보류 — 사양이 갈린다. PRD `V-10`은 지도 확대·축소 버튼을 핀치의 단일 포인터 대체로 요구사양으로 두고 「구현 완료」로 적지만, UX 03-길안내-메인 화면 구성(4.1·4.2절)에는 「내 위치」만 그려져 있고 확대·축소 버튼의 노출 위치·조건이 없다. 00-공통 3.5절도 핀치줌과 `[+]/[-]`를 「같은 자리」로 언급만 한다 | L82: PRD 2부 7.4 V-10 · UX 00-공통 3.5절 · UX 03-길안내-메인 4.1·4.2절 | M82: 소관 기획·디자인 · 요건 자체는 살아 있으므로 노출 사양이 정해지는 대로 미실행으로 되돌린다
A83: 82 | B83: TC-ROUTE-01-09 | C83: 03-길안내 | D83: ROUTE-01 | E83: C-4 | F83: 접근성 | G83: 미실행 | H83: S1 · `2-0` 시트 최소화 상태 · 밝은 지형과 어두운 지형이 함께 보이도록 지도 이동 | I83: 1. 지도 위에 표출되는 텍스트(POI 라벨·핀 라벨·경로 표기)를 찾는다 2. 그 텍스트의 배경판이 있는지, 배경판 너머로 지도가 비치는지 본다 3. 밝은 배경 위와 어두운 배경 위에서 각각 확인한다 | J83: 지도 위 텍스트가 불투명 배경판을 갖고, 배경판 너머로 지도가 비치지 않는다. 반투명 배경판이나 배경판 없는 텍스트가 있으면 실패다 | L83: PRD 2부 C-4 · UX 03-길안내-메인 6절 요소 2 | M83: 배경이 가변이라 대비를 보증할 수 없다는 것이 불투명을 요구하는 근거다
A84: 83 | B84: TC-ROUTE-01-10 | C84: 03-길안내 | D84: ROUTE-01 | E84: MB-3 | F84: 비기능 | G84: 미실행 | H84: Appsource 리포 체크아웃 상태 · 길안내 feature 모듈 구현분 존재 | I84: 1. `Appsource/feature/` 하위 모듈의 build 스크립트에서 지도 SDK 의존성 선언을 찾는다 2. 같은 모듈의 소스에서 지도 SDK 패키지를 직접 import하는 구문을 찾는다 3. 지도 사용 지점이 `core/map`이 노출하는 타입만 참조하는지 확인한다 | J84: feature 모듈 어디에도 지도 SDK 직접 의존·직접 import가 없고, 지도 접근이 전부 `core/map` 격리 모듈을 경유한다 | L84: PRD 2부 MB-3 · Appsource 모듈 구조(`core/map` · `feature/`) | M84: 베이스맵(M-02)이 번복돼도 영향 범위를 1개 모듈로 묶기 위한 요건이다
A85: 84 | B85: TC-ROUTE-01-11 | C85: 03-길안내 | D85: ROUTE-01 | E85: SC-02 · AC-05 | F85: 기능 | G85: 미실행 | H85: 최근 도착지가 2건 이상 쌓인 계정 · `2-0` 시트 최대화 상태 | I85: 1. 최근 도착지 섹션의 행 하나를 행 전체 영역에서 누른다 2. 이동한 화면과 도착지 입력값을 확인한다 3. S2에서 같은 행에 포커스를 올려 낭독 문구를 듣는다 | J85: 행 전체가 「도착지로 설정」 단일 동작으로 작동해 상세 확인 뎁스 없이 그 장소가 도착지로 들어간다. S2 낭독은 「{장소명}, 도착지로 설정, 버튼」이다 | L85: UX 03-길안내-메인 6절 요소 8
A86: 85 | B86: TC-ROUTE-01-12 | C86: 03-길안내 | D86: ROUTE-01 | E86: SC-02 | F86: 기능 | G86: 미실행 | H86: S1 · `2-0` 시트 최대화 상태 | I86: 1. 인근 편의시설 칩 중 하나(예: 장애인 화장실)를 선택한다 2. 이동 결과와 출발지·도착지 입력값을 확인한다 | J86: 그 항목 자체가 페이지(`1-2` 계열)로 열린다. 칩 선택이 도착지 설정으로 이어지지 않고 경로 탐색이 시작되지 않는다 | L86: UX 03-길안내-메인 5.2절 · 6절 요소 7 | M86: 즐겨찾기 칩(도착지로 설정)과 동작 축이 다르다 — 같게 동작하면 실패다
A87: 86 | B87: TC-ROUTE-01-13 | C87: 03-길안내 | D87: ROUTE-01 | E87: V-1 · AC-05 | F87: 접근성 | G87: 미실행 | H87: S2(전맹) 유형 · 스크린리더 켬 · `2-0` 진입 | I87: 1. 시트 최상단 요소를 확인한다 2. [음성인식 시작하기]를 선택해 이동 결과를 본다 3. 화면 하단의 음성 안내 뱃지에 포커스를 옮겨 보고 선택도 시도한다 | J87: [음성인식 시작하기]가 시트 최상단에 있고 선택 시 `S2-2` 챗봇형 대화창으로 이동한다. 음성 안내 뱃지는 하단 고정 표시이며 버튼이 아니어서 선택해도 아무 동작이 일어나지 않는다. 두 요소 모두 S1에는 없다 | L87: UX 03-길안내-메인 4.3절 · 6절 요소 5·10 · 00-공통 9절 | M87: 음성인식 진입점은 `2-0` 전맹 화면의 시트 최상단 1곳뿐이다 — 홈에 있으면 실패다
A88: 87 | B88: TC-ROUTE-01-14 | C88: 03-길안내 | D88: ROUTE-01 | E88: NFR-04 · AC-05 | F88: 접근성 | G88: 미실행 | H88: S2 유형 · 스크린리더 켬 · `2-0` 진입(경로 미입력 = 「도착지 선택」 상태) | I88: 1. 시트 안 첫 요소부터 스와이프로 포커스를 끝까지 이동시킨다 2. 낭독된 항목 순서를 기록한다 | J88: 시트 이름 → 시트 전환 컨트롤 → [음성인식 시작하기] → 즐겨찾기 → 인근 편의시설 → 최근 도착지 순으로 낭독된다. 전환 컨트롤이 콘텐츠보다 먼저 오고, 지도는 포커스 순서에 들어가지 않는다 | L88: UX 03-길안내-메인 7절 낭독 순서 표 | M88: 전환 컨트롤 낭독은 「누르면 일어나는 일」로 적는다 — 최대화 상태에서는 「시트 최소화, 버튼」이다
A89: 88 | B89: TC-ROUTE-01-15 | C89: 03-길안내 | D89: ROUTE-01 | E89: NFR-02 · S-1 · S-2 | F89: 접근성 | G89: 미실행 | H89: S1 · `2-0` 시트 최대화 상태 · 터치 영역 측정 도구 | I89: 1. 즐겨찾기 칩 3개·인근 편의시설 칩 7개의 터치 히트 영역을 측정한다 2. 시트 전환 컨트롤과 「내 위치」·「정북 복원」의 히트 영역을 측정한다 3. 인접한 칩 사이 간격을 측정한다 | J89: 모든 터치 타겟이 44×44pt 이상이고 인접 간격이 8px 이상이다. 칩 radius와 무관하게 히트 영역은 사각 44×44pt를 유지한다 | L89: PRD 1부 NFR-02 · PRD 2부 7.8 S-1·S-2 | M89: 인근 편의시설은 칩이 7개라 3+3+1 배치에서 간격이 먼저 압박받는다
A90: 89 | B90: TC-ROUTE-01-16 | C90: 03-길안내 | D90: ROUTE-01 | E90: AC-06 · T-4 | F90: 접근성 | G90: 미실행 | H90: S1 · OS 글자 크기 200% · `2-0` 시트 최대화 상태 | I90: 1. OS 설정에서 글자 크기를 200%로 올린다 2. `2-0`에서 세 섹션의 칩·행 라벨을 본다 3. 시트 내용이 넘칠 때 시트 내부 스크롤로 마지막 항목까지 도달하는지 확인한다 | J90: 칩·행 라벨이 잘리거나 겹치지 않고 섹션 구조가 무너지지 않는다. 넘치는 분량은 시트 내부 스크롤로 도달 가능하며 항목이 화면 밖에서 사라지지 않는다 | L90: PRD 1부 AC-06 · PRD 2부 7.3 T-4 · UX 03-길안내-메인 5.1절 | M90: 긴 라벨(「청계천 이동 약자 시설물」·「접근성 정보 조회」)이 기준 항목이다
A91: 90 | B91: TC-ROUTE-01-17 | C91: 03-길안내 | D91: ROUTE-01 | E91: NFR-05 | F91: 접근성 | G91: 미실행 | H91: S2 유형 · 스크린리더 켬 · `2-0` 시트 최소화 상태 | I91: 1. 「내 위치」에 포커스를 올려 낭독 문구를 듣는다 2. 지도를 팬해 이탈 상태로 만든 뒤 같은 컨트롤의 낭독을 다시 듣는다 3. 회전뷰 상태에서 한 번 더 듣는다 4. 「정북 복원」이 나타난 직후 그 등장이 낭독으로 전달되는지 확인한다 | J91: 각 상태에서 「누르면 일어나는 일」이 낭독된다 — 이탈은 「내 위치로 이동, 버튼」, 추적 중·고정뷰는 「지도를 진행 방향에 맞춰 돌리기, 버튼」, 추적 중·회전뷰는 「지도 방향 고정, 버튼」이다. 아이콘만 있고 이름 없는 컨트롤이 없다 | L91: PRD 1부 NFR-05 · UX 00-공통 3.4절 | M91: 낭독 문안은 UX가 (案)으로 둔 상태다 — 문구 일치가 아니라 「상태별로 라벨이 갈리고 의미가 전달되는가」로 판정한다
A92: 91 | B92: TC-ROUTE-02-01 | C92: 03-길안내 | D92: ROUTE-02 | E92: SC-02 · V-6 | F92: 기능 | G92: 미실행 | H92: S1 · `2-0`에서 출발지가 이미 입력된 상태 | I92: 1. 도착지를 입력해 출발지·도착지를 모두 채운다 2. 화면 전환이 일어나는지, 같은 화면의 시트만 바뀌는지 관찰한다 3. 배경 지도에 그려지는 경로를 확인한다 | J92: 화면 이동 없이 `2-0`의 바텀시트가 경로 리스트로 자동 전환되고, 시트 이름이 「경로 목록」으로 바뀌며, 배경 지도에 첫 번째 경로가 표시된다. 별도 화면으로 이동하면 실패다 | L92: UX 03-길안내-메인 3절 · 5.2절 · 8.5절 4
A93: 92 | B93: TC-ROUTE-02-02 | C93: 03-길안내 | D93: ROUTE-02 | E93: FR-R10 | F93: 기능 | G93: 미실행 | H93: S1 · 경로 리스트 표출 상태 | I93: 1. 시트 안의 옵션 변경 버튼을 선택한다 2. 제시되는 조건의 개수와 이름을 읽는다 3. 조건 2개 이상을 동시에 켤 수 있는지 시도한다 4. 켜져 있는 조건을 모두 끄려고 시도한다 | J93: 조건이 6종(저상버스 우선 · 엘리베이터 우선 · 경사로 우선 · 계단 회피 · 이동거리 최소 · 환승 최소)이고 복수 선택이 가능하며, 전체 해제가 막혀 최소 1개는 항상 켜져 있다 | L93: PRD 1부 FR-R10 · UX 03-길안내-메인 8.5.1절 | M93: 옵션 UI를 생략하고 유형 프리셋만 두면 `FR-R10` 미이행이다
A94: 93 | B94: TC-ROUTE-02-03 | C94: 03-길안내 | D94: ROUTE-02 | E94: FR-R10 · SC-02 | F94: 기능 | G94: 미실행 | H94: 계정 교통약자 유형이 「휠체어•유모차」 · 경로 리스트 최초 진입(옵션 미조정) | I94: 1. 옵션 변경 버튼을 열어 켜져 있는 조건을 읽는다 2. 계정 유형을 「노약자•임산부」로 바꾼 뒤 같은 출발/도착으로 다시 진입해 조건을 읽는다 | J94: 휠체어•유모차에서 계단 회피·엘리베이터 우선이 기본으로 켜져 있다. 노약자•임산부에서는 환승 최소·이동거리 최소로 바뀌어 유형이 프리셋을 채운다는 사실이 확인된다 | L94: PRD 2부 7.4 SC-02 · UX 03-길안내-메인 8.5.1절 프리셋 표 | M94: 휠체어•유모차 값은 PRD `SC-02` 정본이고, 노약자•임산부 값은 PRD 근거 없이 UX가 정한 값이다(2026-09-11 담당자 확정)
A95: 94 | B95: TC-ROUTE-02-04 | C95: 03-길안내 | D95: ROUTE-02 | E95: FR-R10 | F95: 기능 | G95: 보류 | H95: 계정 교통약자 유형이 「저시력」 또는 「전맹」 · 경로 리스트 최초 진입 | I95: 1. 옵션 변경 버튼을 열어 기본으로 켜져 있는 조건을 읽는다 | J95: 보류 — 사양이 갈린다. UX가 저시력=계단 회피·엘리베이터 우선, 전맹=환승 최소를 (案)으로만 두었고 6종 중 시각 계열을 다루는 조항이 PRD·RFP 어디에도 없다. 특히 전맹의 「계단 회피」는 검증된 값이 아니며 UX가 `U-59` 실사용자 테스트 1순위로 등재했다 | L95: UX 03-길안내-메인 8.5.1절 프리셋 표 · 10.1절 | M95: 소관 기획·접근성 · 값이 확정되면 TC-ROUTE-02-03과 같은 형식으로 미실행 전환
A96: 95 | B96: TC-ROUTE-02-05 | C96: 03-길안내 | D96: ROUTE-02 | E96: AC-07 · SC-02 | F96: 기능 | G96: 미실행 | H96: 계정 유형을 바꿀 수 있는 테스트 계정 · 계단과 엘리베이터가 모두 존재하는 동일 출발지·도착지 쌍 1개 고정 | I96: 1. 유형을 「휠체어•유모차」로 두고 그 출발/도착으로 경로를 탐색해 결과를 기록한다 2. 옵션을 손대지 않고 유형만 「노약자•임산부」로 바꾼다 3. 같은 출발/도착으로 다시 탐색해 결과를 기록한다 4. 두 결과의 경로 구간·소요시간을 대조한다 | J96: 같은 출발/도착인데 유형에 따라 결과 경로가 달라진다. 두 결과가 동일하면 유형이 표시 전용으로만 쓰인 것이므로 실패다 | L96: PRD 1부 AC-07 · PRD 2부 7.4 SC-02 「선택된 유형이 경로 알고리즘의 실제 입력값」 | M96: 유형 축은 계정 설정값이다 — 화면 안의 유형 탭은 2026-08-14에 폐기됐다
A97: 96 | B97: TC-ROUTE-02-06 | C97: 03-길안내 | D97: ROUTE-02 | E97: V-5 | F97: 기능 | G97: 보류 | H97: 계정 유형이 「휠체어•유모차」 · 경로 리스트 표출 상태 | I97: 1. 마이페이지에서 유형 값 표기 문자열을 기록한다 2. 경로 리스트로 이동해 같은 유형이 어떤 문자열로 드러나는지 찾는다 3. 두 표기를 대조한다 | J97: 보류 — 사양이 갈린다. PRD `V-5`는 「휠체어, 유모차 길안내」 메뉴 ↔ 경로 유형의 `유모차` 병기를 이 요건의 사례로 들지만, UX 현행 정본에는 그 메뉴가 없고(홈 메뉴는 「길안내」) 경로 리스트에도 유형 표기 자리가 없다. 표기가 놓일 유일한 후보인 「탐색 기준 태그」는 `U-124` 종속으로 미확정이다 | L97: PRD 2부 7.5 V-5 · UX 03-길안내-메인 8.5절 경로 카드 구성 · 11-마이페이지 유형 값 표기 | M97: 소관 기획·PM · 유형 축이 탭에서 계정 설정값으로 옮겨진 뒤 표기 연속성의 실물 대상이 화면에서 사라졌다
A98: 97 | B98: TC-ROUTE-02-07 | C98: 03-길안내 | D98: ROUTE-02 | E98: SC-02 | F98: 기능 | G98: 미실행 | H98: S1 · 출발지·도착지가 입력된 경로 리스트 상태 | I98: 1. 입력 블록의 `+` 버튼을 눌러 경유지를 1개 추가한다 2. 입력 블록의 행 수와 `+` 버튼 노출 상태를 확인한다 3. 경유지를 하나 더 추가할 수 있는지 시도한다 4. 경유지 추가 후 출발지·도착지 입력값이 남아 있는지 확인한다 | J98: 경유지는 최대 1개이고 1개를 추가하면 입력 블록이 3행이 되며 `+` 버튼이 사라진다. 출발지·도착지 입력값은 그대로 유지된 채 경로가 재탐색된다 | L98: UX 03-길안내-메인 8.1절 · 8.4절
A99: 98 | B99: TC-ROUTE-02-08 | C99: 03-길안내 | D99: ROUTE-02 | E99: SC-02 | F99: 기능 | G99: 미실행 | H99: S1 · 경로 카드가 1장 이상 표출된 상태 | I99: 1. 경로 카드의 버튼 표기를 읽는다 2. [안내시작]을 선택해 도달 화면을 확인한다 3. 경로 리스트로 돌아와 `[>]` 상세를 선택해 도달 화면을 확인한다 | J99: 버튼 표기가 「[안내시작]」(공백 없음)이고 선택 시 `2-4` 내비게이션으로 들어간다. `[>]` 상세는 `2-3` 상세경로로 들어간다 | L99: UX 03-길안내-메인 8.5절 4-1·4-2 및 경로 카드 구성 표 | M99: 카드에는 소요시간(「33분」)과 도착 예정 시각(「오전 11:33 도착」)이 함께 표기된다
A100: 99 | B100: TC-ROUTE-02-09 | C100: 03-길안내 | D100: ROUTE-02 | E100: FR-R10 · SC-02 | F100: 기능 | G100: 보류 | H100: S1 · 옵션 2개 이상을 켠 상태로 경로 탐색 | I100: 1. 「이동거리 최소」와 「환승 최소」를 함께 켠다 2. 경로 탐색 결과의 카드 개수·정렬 순서·탐색 기준 태그를 기록한다 | J100: 보류 — 사양이 갈린다. 켠 조건 여러 개가 결과로 이어지는 방식(AND 합성 ↔ 조건별 경로)·목적함수 충돌 처리·카드 개수·정렬 기준이 모두 `U-124`로 열려 있어 합/불합 기준이 없다. 확정된 것은 최소 1개가 항상 켜져 있어 빈 리스트는 나오지 않는다는 점뿐이다 | L100: PRD 1부 FR-R10 「결과에 대체 경로 포함」 · UX 03-길안내-메인 8.5.2절 U-124 | M100: 소관 기획·PM·아로 · 탐색 엔진 동작이라 UX 단독으로 정할 수 없고 `M-19` 파라미터 규격과 함께 정해진다
...

Sheet 매핑
A1: 축 | B1: 키 | C1: TC ID | D1: 성격 | E1: 상태
A2: 화면 | B2: AUTH-01 | C2: TC-AUTH-01-01 | D2: 기능 | E2: 미실행
A3: 요건 | B3: V-1 | C3: TC-AUTH-01-01 | D3: 기능 | E3: 미실행
A4: 화면 | B4: AUTH-01 | C4: TC-AUTH-01-02 | D4: 접근성 | E4: 미실행
A5: 요건 | B5: NFR-04 | C5: TC-AUTH-01-02 | D5: 접근성 | E5: 미실행
A6: 화면 | B6: AUTH-01 | C6: TC-AUTH-01-03 | D6: 접근성 | E6: 미실행
A7: 요건 | B7: V-3 | C7: TC-AUTH-01-03 | D7: 접근성 | E7: 미실행
A8: 요건 | B8: NFR-05 | C8: TC-AUTH-01-03 | D8: 접근성 | E8: 미실행
A9: 화면 | B9: AUTH-01 | C9: TC-AUTH-01-04 | D9: 접근성 | E9: 미실행
A10: 요건 | B10: AC-05 | C10: TC-AUTH-01-04 | D10: 접근성 | E10: 미실행
A11: 요건 | B11: V-1 | C11: TC-AUTH-01-04 | D11: 접근성 | E11: 미실행
A12: 요건 | B12: NFR-04 | C12: TC-AUTH-01-04 | D12: 접근성 | E12: 미실행
... A1498: 요건 | B1498: L-8 | C1498: TC-FR-R3-00 | D1498: 기능 | E1498: 미실행

Sheet 화면별
A1: 화면 키 | B1: TC 건수 | C1: 미실행 | D1: 보류
A2: 1-2 | B2: =COUNTIFS(매핑!$A$2:$A$1498,"화면",매핑!$B$2:$B$1498,$A2) -> 11 | C2: =COUNTIFS(매핑!$A$2:$A$1498,"화면",매핑!$B$2:$B$1498,$A2,매핑!$E$2:$E$1498,"미실행") -> 10 | D2: =COUNTIFS(매핑!$A$2:$A$1498,"화면",매핑!$B$2:$B$1498,$A2,매핑!$E$2:$E$1498,"보류") -> 1
A3: 1-2-2 | B3: =COUNTIFS(매핑!$A$2:$A$1498,"화면",매핑!$B$2:$B$1498,$A3) -> 14 | C3: =COUNTIFS(매핑!$A$2:$A$1498,"화면",매핑!$B$2:$B$1498,$A3,매핑!$E$2:$E$1498,"미실행") -> 13 | D3: =COUNTIFS(매핑!$A$2:$A$1498,"화면",매핑!$B$2:$B$1498,$A3,매핑!$E$2:$E$1498,"보류") -> 1
A4: 1-2-3 | B4: =COUNTIFS(매핑!$A$2:$A$1498,"화면",매핑!$B$2:$B$1498,$A4) -> 14 | C4: =COUNTIFS(매핑!$A$2:$A$1498,"화면",매핑!$B$2:$B$1498,$A4,매핑!$E$2:$E$1498,"미실행") -> 13 | D4: =COUNTIFS(매핑!$A$2:$A$1498,"화면",매핑!$B$2:$B$1498,$A4,매핑!$E$2:$E$1498,"보류") -> 1
A5: 1-2-4 | B5: =COUNTIFS(매핑!$A$2:$A$1498,"화면",매핑!$B$2:$B$1498,$A5) -> 14 | C5: =COUNTIFS(매핑!$A$2:$A$1498,"화면",매핑!$B$2:$B$1498,$A5,매핑!$E$2:$E$1498,"미실행") -> 13 | D5: =COUNTIFS(매핑!$A$2:$A$1498,"화면",매핑!$B$2:$B$1498,$A5,매핑!$E$2:$E$1498,"보류") -> 1
A6: 1-2-6 | B6: =COUNTIFS(매핑!$A$2:$A$1498,"화면",매핑!$B$2:$B$1498,$A6) -> 14 | C6: =COUNTIFS(매핑!$A$2:$A$1498,"화면",매핑!$B$2:$B$1498,$A6,매핑!$E$2:$E$1498,"미실행") -> 13 | D6: =COUNTIFS(매핑!$A$2:$A$1498,"화면",매핑!$B$2:$B$1498,$A6,매핑!$E$2:$E$1498,"보류") -> 1
A7: 1-3 | B7: =COUNTIFS(매핑!$A$2:$A$1498,"화면",매핑!$B$2:$B$1498,$A7) -> 10 | C7: =COUNTIFS(매핑!$A$2:$A$1498,"화면",매핑!$B$2:$B$1498,$A7,매핑!$E$2:$E$1498,"미실행") -> 10 | D7: =COUNTIFS(매핑!$A$2:$A$1498,"화면",매핑!$B$2:$B$1498,$A7,매핑!$E$2:$E$1498,"보류") -> 0
A8: 1-5 | B8: =COUNTIFS(매핑!$A$2:$A$1498,"화면",매핑!$B$2:$B$1498,$A8) -> 16 | C8: =COUNTIFS(매핑!$A$2:$A$1498,"화면",매핑!$B$2:$B$1498,$A8,매핑!$E$2:$E$1498,"미실행") -> 15 | D8: =COUNTIFS(매핑!$A$2:$A$1498,"화면",매핑!$B$2:$B$1498,$A8,매핑!$E$2:$E$1498,"보류") -> 1
A9: 1-6 | B9: =COUNTIFS(매핑!$A$2:$A$1498,"화면",매핑!$B$2:$B$1498,$A9) -> 7 | C9: =COUNTIFS(매핑!$A$2:$A$1498,"화면",매핑!$B$2:$B$1498,$A9,매핑!$E$2:$E$1498,"미실행") -> 6 | D9: =COUNTIFS(매핑!$A$2:$A$1498,"화면",매핑!$B$2:$B$1498,$A9,매핑!$E$2:$E$1498,"보류") -> 1
A10: 2-5-1 | B10: =COUNTIFS(매핑!$A$2:$A$1498,"화면",매핑!$B$2:$B$1498,$A10) -> 7 | C10: =COUNTIFS(매핑!$A$2:$A$1498,"화면",매핑!$B$2:$B$1498,$A10,매핑!$E$2:$E$1498,"미실행") -> 6 | D10: =COUNTIFS(매핑!$A$2:$A$1498,"화면",매핑!$B$2:$B$1498,$A10,매핑!$E$2:$E$1498,"보류") -> 1
A11: 2-7 | B11: =COUNTIFS(매핑!$A$2:$A$1498,"화면",매핑!$B$2:$B$1498,$A11) -> 10 | C11: =COUNTIFS(매핑!$A$2:$A$1498,"화면",매핑!$B$2:$B$1498,$A11,매핑!$E$2:$E$1498,"미실행") -> 10 | D11: =COUNTIFS(매핑!$A$2:$A$1498,"화면",매핑!$B$2:$B$1498,$A11,매핑!$E$2:$E$1498,"보류") -> 0
A12: AUTH-01 | B12: =COUNTIFS(매핑!$A$2:$A$1498,"화면",매핑!$B$2:$B$1498,$A12) -> 13 | C12: =COUNTIFS(매핑!$A$2:$A$1498,"화면",매핑!$B$2:$B$1498,$A12,매핑!$E$2:$E$1498,"미실행") -> 13 | D12: =COUNTIFS(매핑!$A$2:$A$1498,"화면",매핑!$B$2:$B$1498,$A12,매핑!$E$2:$E$1498,"보류") -> 0
A13: AUTH-03 | B13: =COUNTIFS(매핑!$A$2:$A$1498,"화면",매핑!$B$2:$B$1498,$A13) -> 22 | C13: =COUNTIFS(매핑!$A$2:$A$1498,"화면",매핑!$B$2:$B$1498,$A13,매핑!$E$2:$E$1498,"미실행") -> 15 | D13: =COUNTIFS(매핑!$A$2:$A$1498,"화면",매핑!$B$2:$B$1498,$A13,매핑!$E$2:$E$1498,"보류") -> 7
... A42: SVC-08 | B42: =COUNTIFS(매핑!$A$2:$A$1498,"화면",매핑!$B$2:$B$1498,$A42) -> 12 | C42: =COUNTIFS(매핑!$A$2:$A$1498,"화면",매핑!$B$2:$B$1498,$A42,매핑!$E$2:$E$1498,"미실행") -> 11 | D42: =COUNTIFS(매핑!$A$2:$A$1498,"화면",매핑!$B$2:$B$1498,$A42,매핑!$E$2:$E$1498,"보류") -> 1

Sheet 요건별(RTM)
A1: 요건 ID | B1: 정의 절 | C1: TC 건수 | D1: TC ID
A2: AC-01 | B2: 2.3 수용 기준 (Acceptance Criteria) | C2: =COUNTIFS(매핑!$A$2:$A$1498,"요건",매핑!$B$2:$B$1498,$A2) -> 2 | D2: TC-INAV-01-15 · TC-AC-01-00
A3: AC-02 | B3: 2.3 수용 기준 (Acceptance Criteria) | C3: =COUNTIFS(매핑!$A$2:$A$1498,"요건",매핑!$B$2:$B$1498,$A3) -> 1 | D3: TC-AC-02-00
A4: AC-03 | B4: 2.3 수용 기준 (Acceptance Criteria) | C4: =COUNTIFS(매핑!$A$2:$A$1498,"요건",매핑!$B$2:$B$1498,$A4) -> 1 | D4: TC-ONAV-01-07
A5: AC-04 | B5: 2.3 수용 기준 (Acceptance Criteria) | C5: =COUNTIFS(매핑!$A$2:$A$1498,"요건",매핑!$B$2:$B$1498,$A5) -> 1 | D5: TC-INAV-01-28
A6: AC-05 | B6: 2.3 수용 기준 (Acceptance Criteria) | C6: =COUNTIFS(매핑!$A$2:$A$1498,"요건",매핑!$B$2:$B$1498,$A6) -> 98 | D6: TC-AUTH-01-04 · TC-AUTH-04-04 · TC-AUTH-04-06 · TC-AUTH-04-07 · TC-AUTH-04-16 · TC-AUTH-04-21 · TC-AUTH-03-07 · TC-AUTH-03-13 · TC-AUTH-03-15 · TC-AUTH-03-20 · TC-HOME-01-08 · TC-HOME-01-10 · TC-HOME-01-13 · TC-ROUTE-01-05 · TC-ROUTE-01-11 · TC-ROUTE-01-13 · TC-ROUTE-01-14 · TC-ROUTE-02-10 · TC-ROUTE-02-11 · TC-ROUTE-02-13 · TC-SEARCH-01-08 · TC-SEARCH-01-09 · TC-SEARCH-01-11 · TC-SEARCH-02-03 · TC-SEARCH-02-05 · TC-SEARCH-02-09 · TC-ROUTE-03-11 · TC-ONAV-01-06 · TC-ONAV-01-19 · TC-ONAV-01-20 · TC-ONAV-01-22 · TC-ONAV-01-23 · TC-INAV-01-20 · TC-INAV-01-22 · TC-INAV-01-23 · TC-INAV-01-26 · TC-1-3-02 · TC-1-3-07 · TC-1-3-08 · TC-BUS-03-02 · TC-BUS-03-08 · TC-2-5-1-02 · TC-2-5-1-04 · TC-BUS-01-03 · TC-BUS-01-10 · TC-BUS-01-12 · TC-SVC-08-04 · TC-SVC-08-09 · TC-SVC-08-11 · TC-1-2-08 · TC-SVC-05-12 · TC-SVC-06-01 · TC-SVC-06-02 · TC-SVC-06-03 · TC-SVC-06-04 · TC-SVC-06-06 · TC-1-5-07 · TC-1-5-08 · TC-1-5-09 · TC-1-5-14 · TC-1-5-15 · TC-1-6-06 · TC-1-6-07 · TC-REPORT-01-14 · TC-REPORT-01-17 · TC-REPORT-01-18 · TC-REPORT-02-03 · TC-REPORT-02-06 · TC-MY-01-05 · TC-MY-01-09 · TC-MY-01-11 · TC-MY-01-12 · TC-MY-01-14 · TC-AUTH-04-55 · TC-AUTH-04-56 · TC-AUTH-04-57 · TC-REPORT-03-02 · TC-REPORT-03-04 · TC-MY-11-03 · TC-MY-11-04 · TC-FAV-01-12 · TC-FAV-01-13 · TC-FAV-01-14 · TC-FAV-01-15 · TC-FAV-01-20 · TC-HOME-04-03 · TC-MY-06-01 · TC-MY-06-04 · TC-2-7-02 · TC-2-7-08 · TC-S2-2-01 · TC-S2-2-05 · TC-S2-2-14 · TC-S2-3-02 · TC-S2-3-06 · TC-S2-3-10 · TC-S2-4-06 · TC-S-3-00
A7: AC-06 | B7: 2.3 수용 기준 (Acceptance Criteria) | C7: =COUNTIFS(매핑!$A$2:$A$1498,"요건",매핑!$B$2:$B$1498,$A7) -> 19 | D7: TC-AUTH-04-10 · TC-AUTH-04-22 · TC-AUTH-03-19 · TC-HOME-01-12 · TC-ROUTE-01-16 · TC-SEARCH-01-13 · TC-ONAV-01-26 · TC-INAV-01-25 · TC-BUS-01-22 · TC-SVC-08-06 · TC-SVC-05-10 · TC-1-5-13 · TC-REPORT-01-19 · TC-REPORT-02-12 · TC-MY-01-04 · TC-MY-01-19 · TC-FAV-01-18 · TC-MY-06-03 · TC-L-3-00
A8: AC-07 | B8: 2.3 수용 기준 (Acceptance Criteria) | C8: =COUNTIFS(매핑!$A$2:$A$1498,"요건",매핑!$B$2:$B$1498,$A8) -> 1 | D8: TC-ROUTE-02-05
A9: AC-08 | B9: 2.3 수용 기준 (Acceptance Criteria) | C9: =COUNTIFS(매핑!$A$2:$A$1498,"요건",매핑!$B$2:$B$1498,$A9) -> 1 | D9: TC-AC-08-00
A10: AC-09 | B10: 2.3 수용 기준 (Acceptance Criteria) | C10: =COUNTIFS(매핑!$A$2:$A$1498,"요건",매핑!$B$2:$B$1498,$A10) -> 1 | D10: TC-INAV-01-29
A11: AC-10 | B11: 2.3 수용 기준 (Acceptance Criteria) | C11: =COUNTIFS(매핑!$A$2:$A$1498,"요건",매핑!$B$2:$B$1498,$A11) -> 1 | D11: TC-S2-2-18
A12: AC-11 | B12: 2.3 수용 기준 (Acceptance Criteria) | C12: =COUNTIFS(매핑!$A$2:$A$1498,"요건",매핑!$B$2:$B$1498,$A12) -> 1 | D12: TC-AC-11-00
A13: AC-12 | B13: 2.3 수용 기준 (Acceptance Criteria) | C13: =COUNTIFS(매핑!$A$2:$A$1498,"요건",매핑!$B$2:$B$1498,$A13) -> 1 | D13: TC-AC-12-00
... A86: NFR-15 | B86: 2.4 비기능 요구사항 ★ | C86: =COUNTIFS(매핑!$A$2:$A$1498,"요건",매핑!$B$2:$B$1498,$A86) -> 1 | D86: TC-AC-11-00
A87: NFR-16 | B87: 2.4 비기능 요구사항 ★ | C87: =COUNTIFS(매핑!$A$2:$A$1498,"요건",매핑!$B$2:$B$1498,$A87) -> 0
A88: S-1 | B88: 7.8 형태·간격 토큰 — radius · spacing | C88: =COUNTIFS(매핑!$A$2:$A$1498,"요건",매핑!$B$2:$B$1498,$A88) -> 10 | D88: TC-AUTH-04-20 · TC-AUTH-03-18 · TC-HOME-01-11 · TC-ROUTE-01-15 · TC-1-2-09 · TC-SVC-05-03 · TC-REPORT-01-19 · TC-MY-01-19 · TC-FAV-01-16 · TC-HOME-04-04
A89: S-2 | B89: 7.8 형태·간격 토큰 — radius · spacing | C89: =COUNTIFS(매핑!$A$2:$A$1498,"요건",매핑!$B$2:$B$1498,$A89) -> 10 | D89: TC-AUTH-04-20 · TC-AUTH-03-18 · TC-HOME-01-11 · TC-ROUTE-01-15 · TC-1-2-09 · TC-SVC-05-03 · TC-REPORT-02-12 · TC-MY-01-19 · TC-FAV-01-16 · TC-HOME-04-04
A90: S-3 | B90: 7.8 형태·간격 토큰 — radius · spacing | C90: =COUNTIFS(매핑!$A$2:$A$1498,"요건",매핑!$B$2:$B$1498,$A90) -> 1 | D90: TC-S-3-00
A91: S-4 | B91: 7.8 형태·간격 토큰 — radius · spacing | C91: =COUNTIFS(매핑!$A$2:$A$1498,"요건",매핑!$B$2:$B$1498,$A91) -> 3 | D91: TC-SVC-05-10 · TC-FAV-01-18 · TC-MY-06-03
A92: S-5 | B92: 7.8 형태·간격 토큰 — radius · spacing | C92: =COUNTIFS(매핑!$A$2:$A$1498,"요건",매핑!$B$2:$B$1498,$A92) -> 1 | D92: TC-S-5-00
A93: S-6 | B93: 7.8 형태·간격 토큰 — radius · spacing | C93: =COUNTIFS(매핑!$A$2:$A$1498,"요건",매핑!$B$2:$B$1498,$A93) -> 1 | D93: TC-S-5-00
A94: SC-01 | B94: 7.4 화면 정의 | C94: =COUNTIFS(매핑!$A$2:$A$1498,"요건",매핑!$B$2:$B$1498,$A94) -> 11 | D94: TC-HOME-01-01 · TC-HOME-01-02 · TC-HOME-01-03 · TC-HOME-01-04 · TC-HOME-01-05 · TC-HOME-01-06 · TC-HOME-01-07 · TC-HOME-01-09 · TC-HOME-01-15 · TC-HOME-01-16 · TC-HOME-01-17
A95: SC-02 | B95: 7.4 화면 정의 | C95: =COUNTIFS(매핑!$A$2:$A$1498,"요건",매핑!$B$2:$B$1498,$A95) -> 12 | D95: TC-ROUTE-01-01 · TC-ROUTE-01-02 · TC-ROUTE-01-03 · TC-ROUTE-01-11 · TC-ROUTE-01-12 · TC-ROUTE-02-01 · TC-ROUTE-02-03 · TC-ROUTE-02-05 · TC-ROUTE-02-07 · TC-ROUTE-02-08 · TC-ROUTE-02-09 · TC-ROUTE-02-12
A96: SC-03 | B96: 7.4 화면 정의 | C96: =COUNTIFS(매핑!$A$2:$A$1498,"요건",매핑!$B$2:$B$1498,$A96) -> 3 | D96: TC-SEARCH-02-01 · TC-SEARCH-02-02 · TC-SEARCH-02-04
A97: SC-04 | B97: 7.4 화면 정의 | C97: =COUNTIFS(매핑!$A$2:$A$1498,"요건",매핑!$B$2:$B$1498,$A97) -> 8 | D97: TC-ROUTE-03-06 · TC-ONAV-01-01 · TC-ONAV-01-02 · TC-ONAV-01-03 · TC-ONAV-01-04 · TC-ONAV-01-05 · TC-ONAV-01-06 · TC-ONAV-01-27
A98: SC-05 | B98: 7.4 화면 정의 | C98: =COUNTIFS(매핑!$A$2:$A$1498,"요건",매핑!$B$2:$B$1498,$A98) -> 10 | D98: TC-INAV-01-01 · TC-INAV-01-03 · TC-INAV-01-04 · TC-INAV-01-05 · TC-INAV-01-06 · TC-INAV-01-08 · TC-INAV-01-12 · TC-INAV-01-14 · TC-INAV-01-20 · TC-SVC-08-12
A99: SC-06 | B99: 7.4 화면 정의 | C99: =COUNTIFS(매핑!$A$2:$A$1498,"요건",매핑!$B$2:$B$1498,$A99) -> 1 | D99: TC-S2-3-16
... A137: V-9 | B137: 7.4 화면 정의 | C137: =COUNTIFS(매핑!$A$2:$A$1498,"요건",매핑!$B$2:$B$1498,$A137) -> 9 | D137: TC-INAV-01-21 · TC-BUS-03-10 · TC-1-5-08 · TC-REPORT-01-10 · TC-REPORT-01-18 · TC-2-7-04 · TC-2-7-05 · TC-S2-2-12 · TC-S2-3-10
